result,ingredients
"{""name"":""Amber Horseshoe Balloon"",""img_src"":""https://gamepedia.cursecdn.com/terraria_gamepedia/8/8e/Amber_Horseshoe_Balloon.png?version=f82cce573c254c2b2dee7341800e388f"",""object_link"":""https://terraria.gamepedia.com/Amber_Horseshoe_Balloon""}","[{""name"":""Honey Balloon"",""img_src"":""https://gamepedia.cursecdn.com/terraria_gamepedia/b/b8/Honey_Balloon.png?version=c574998f0819b1b72730357e68bec330"",""object_link"":""https://terraria.gamepedia.com/Honey_Balloon""},{""name"":""Lucky Horseshoe"",""img_src"":""https://gamepedia.cursecdn.com/terraria_gamepedia/d/d7/Lucky_Horseshoe.png?version=f31cd1c9751200c0ec303b6498332c2f"",""object_link"":""https://terraria.gamepedia.com/Lucky_Horseshoe""}]"
"{""name"":""Amphibian Boots"",""img_src"":""https://gamepedia.cursecdn.com/terraria_gamepedia/8/8d/Amphibian_Boots.png?version=580c28a6bc4a5e759a39660a72b97239"",""object_link"":""https://terraria.gamepedia.com/Amphibian_Boots""}","[{""name"":""Sailfish Boots"",""img_src"":""https://gamepedia.cursecdn.com/terraria_gamepedia/0/03/Sailfish_Boots.png?version=393d74b701dbe16d5e16bc4da9ffab2f"",""object_link"":""https://terraria.gamepedia.com/Sailfish_Boots""},{""name"":""Frog Leg"",""img_src"":""https://gamepedia.cursecdn.com/terraria_gamepedia/9/9f/Frog_Leg.png?version=41fabeb767de0fc9d7917d27f806a0f2"",""object_link"":""https://terraria.gamepedia.com/Frog_Leg""}]"
"{""name"":""Angler Tackle Bag"",""img_src"":""https://gamepedia.cursecdn.com/terraria_gamepedia/5/5b/Angler_Tackle_Bag.png?version=dbe1312059fbce175dc8bb0814ecb473"",""object_link"":""https://terraria.gamepedia.com/Angler_Tackle_Bag""}","[{""name"":""High Test Fishing Line"",""img_src"":""https://gamepedia.cursecdn.com/terraria_gamepedia/c/c1/High_Test_Fishing_Line.png?version=804043b63555bfe2721915b19535aacf"",""object_link"":""https://terraria.gamepedia.com/High_Test_Fishing_Line""},{""name"":""Tackle Box"",""img_src"":""https://gamepedia.cursecdn.com/terraria_gamepedia/2/2c/Tackle_Box.png?version=633e7b32b5d95980e749eff2a4e2e054"",""object_link"":""https://terraria.gamepedia.com/Tackle_Box""},{""name"":""Angler Earring"",""img_src"":""https://gamepedia.cursecdn.com/terraria_gamepedia/b/b0/Angler_Earring.png?version=2f31035f70c403059919e6bae53ba0ca"",""object_link"":""https://terraria.gamepedia.com/Angler_Earring""}]"
"{""name"":""Ankh Charm"",""img_src"":""https://gamepedia.cursecdn.com/terraria_gamepedia/d/d5/Ankh_Charm.png?version=bbd316645621f57fbdd9a025c14bca03"",""object_link"":""https://terraria.gamepedia.com/Ankh_Charm""}","[{""name"":""Armor Bracing"",""img_src"":""https://gamepedia.cursecdn.com/terraria_gamepedia/f/f9/Armor_Bracing.png?version=0c8832d4509d244d1f667d46f56b4b28"",""object_link"":""https://terraria.gamepedia.com/Armor_Bracing""},{""name"":""Medicated Bandage"",""img_src"":""https://gamepedia.cursecdn.com/terraria_gamepedia/d/d8/Medicated_Bandage.png?version=d20c7e784998276c685541931eaba180"",""object_link"":""https://terraria.gamepedia.com/Medicated_Bandage""},{""name"":""The Plan"",""img_src"":""https://gamepedia.cursecdn.com/terraria_gamepedia/2/2f/The_Plan.png?version=e2c632cff9ec6d8491e55e9344b010e2"",""object_link"":""https://terraria.gamepedia.com/The_Plan""},{""name"":""Countercurse Mantra"",""img_src"":""https://gamepedia.cursecdn.com/terraria_gamepedia/4/4e/Countercurse_Mantra.png?version=8b5894cb61eb875e415584284c47ed67"",""object_link"":""https://terraria.gamepedia.com/Countercurse_Mantra""},{""name"":""Blindfold"",""img_src"":""https://gamepedia.cursecdn.com/terraria_gamepedia/1/18/Blindfold.png?version=08ceed1a8e754a1d5cf08ce751b479a7"",""object_link"":""https://terraria.gamepedia.com/Blindfold""}]"
"{""name"":""Ankh Shield"",""img_src"":""https://gamepedia.cursecdn.com/terraria_gamepedia/9/99/Ankh_Shield.png?version=e12d5be3d2b427d2ed9ade13686d9c33"",""object_link"":""https://terraria.gamepedia.com/Ankh_Shield""}","[{""name"":""Obsidian Shield"",""img_src"":""https://gamepedia.cursecdn.com/terraria_gamepedia/7/7a/Obsidian_Shield.png?version=75e631d5a99038318fcc82cda8f44262"",""object_link"":""https://terraria.gamepedia.com/Obsidian_Shield""},{""name"":""Ankh Charm"",""img_src"":""https://gamepedia.cursecdn.com/terraria_gamepedia/d/d5/Ankh_Charm.png?version=bbd316645621f57fbdd9a025c14bca03"",""object_link"":""https://terraria.gamepedia.com/Ankh_Charm""}]"
"{""name"":""Arcane Flower"",""img_src"":""https://gamepedia.cursecdn.com/terraria_gamepedia/2/22/Arcane_Flower.png?version=2462e56c7b51a219634caa7b2738f525"",""object_link"":""https://terraria.gamepedia.com/Arcane_Flower""}","[{""name"":""Mana Flower"",""img_src"":""https://gamepedia.cursecdn.com/terraria_gamepedia/4/49/Mana_Flower.png?version=98bc0bfc68ce69d57c926267300baeb7"",""object_link"":""https://terraria.gamepedia.com/Mana_Flower""},{""name"":""Putrid Scent"",""img_src"":""https://gamepedia.cursecdn.com/terraria_gamepedia/9/92/Putrid_Scent.png?version=434fdb08748221953f04e034221a4f72"",""object_link"":""https://terraria.gamepedia.com/Putrid_Scent""}]"
"{""name"":""Architect Gizmo Pack"",""img_src"":""https://gamepedia.cursecdn.com/terraria_gamepedia/2/23/Architect_Gizmo_Pack.png?version=9ff70344de267bf43c86b123c304c5e4"",""object_link"":""https://terraria.gamepedia.com/Architect_Gizmo_Pack""}","[{""name"":""Brick Layer"",""img_src"":""https://gamepedia.cursecdn.com/terraria_gamepedia/d/da/Brick_Layer.png?version=56542ee66fafb24d7a0e9b1cd487c489"",""object_link"":""https://terraria.gamepedia.com/Brick_Layer""},{""name"":""Extendo Grip"",""img_src"":""https://gamepedia.cursecdn.com/terraria_gamepedia/b/b7/Extendo_Grip.png?version=9eb68fa8a606dc71c5bbf39813ed9e19"",""object_link"":""https://terraria.gamepedia.com/Extendo_Grip""},{""name"":""Paint Sprayer"",""img_src"":""https://gamepedia.cursecdn.com/terraria_gamepedia/4/45/Paint_Sprayer.png?version=906704d2e94ee8add11eea5a1ee4391f"",""object_link"":""https://terraria.gamepedia.com/Paint_Sprayer""},{""name"":""Portable Cement Mixer"",""img_src"":""https://gamepedia.cursecdn.com/terraria_gamepedia/c/c9/Portable_Cement_Mixer.png?version=7d608a91bb95f4c1781acd91abe7fcde"",""object_link"":""https://terraria.gamepedia.com/Portable_Cement_Mixer""}]"
"{""name"":""Arctic Diving Gear"",""img_src"":""https://gamepedia.cursecdn.com/terraria_gamepedia/2/20/Arctic_Diving_Gear.png?version=146413c5f384910ca33f0a8b018182b7"",""object_link"":""https://terraria.gamepedia.com/Arctic_Diving_Gear""}","[{""name"":""Jellyfish Diving Gear"",""img_src"":""https://gamepedia.cursecdn.com/terraria_gamepedia/c/c7/Jellyfish_Diving_Gear.png?version=45f1e58ea5619a4f01e08199ede0db43"",""object_link"":""https://terraria.gamepedia.com/Jellyfish_Diving_Gear""},{""name"":""Ice Skates"",""img_src"":""https://gamepedia.cursecdn.com/terraria_gamepedia/0/0a/Ice_Skates.png?version=40255395e2ca014e23e19c3f81c6bd54"",""object_link"":""https://terraria.gamepedia.com/Ice_Skates""}]"
"{""name"":""Armor Bracing"",""img_src"":""https://gamepedia.cursecdn.com/terraria_gamepedia/f/f9/Armor_Bracing.png?version=0c8832d4509d244d1f667d46f56b4b28"",""object_link"":""https://terraria.gamepedia.com/Armor_Bracing""}","[{""name"":""Armor Polish"",""img_src"":""https://gamepedia.cursecdn.com/terraria_gamepedia/b/bd/Armor_Polish.png?version=61629d515e4c799b54174b5a0b24fc04"",""object_link"":""https://terraria.gamepedia.com/Armor_Polish""},{""name"":""Vitamins"",""img_src"":""https://gamepedia.cursecdn.com/terraria_gamepedia/a/a4/Vitamins.png?version=6c8f23f66b6d191610bd210206ecbf4f"",""object_link"":""https://terraria.gamepedia.com/Vitamins""}]"
"{""name"":""Avenger Emblem"",""img_src"":""https://gamepedia.cursecdn.com/terraria_gamepedia/c/c3/Avenger_Emblem.png?version=2bbefc50400d7692516d887faeda568e"",""object_link"":""https://terraria.gamepedia.com/Avenger_Emblem""}","[{""name"":""Warrior Emblem"",""img_src"":""https://gamepedia.cursecdn.com/terraria_gamepedia/d/d7/Warrior_Emblem.png?version=d057b19d7db22a798827e495d7fa0b25"",""object_link"":""https://terraria.gamepedia.com/Warrior_Emblem""},{""name"":""Soul of Might"",""img_src"":""https://gamepedia.cursecdn.com/terraria_gamepedia/3/39/Soul_of_Might.png?version=a1bd20c6774cedcb5f172b0d5b2fe80b"",""object_link"":""https://terraria.gamepedia.com/Soul_of_Might""},{""name"":""Soul of Sight"",""img_src"":""https://gamepedia.cursecdn.com/terraria_gamepedia/0/0f/Soul_of_Sight.png?version=e11c2eceedfd7270fa8f602bd4b3d8da"",""object_link"":""https://terraria.gamepedia.com/Soul_of_Sight""},{""name"":""Soul of Fright"",""img_src"":""https://gamepedia.cursecdn.com/terraria_gamepedia/8/80/Soul_of_Fright.png?version=9e778fc4c4f630bcd115ef1e412e58b9"",""object_link"":""https://terraria.gamepedia.com/Soul_of_Fright""}]"
"{""name"":""Avenger Emblem"",""img_src"":""https://gamepedia.cursecdn.com/terraria_gamepedia/c/c3/Avenger_Emblem.png?version=2bbefc50400d7692516d887faeda568e"",""object_link"":""https://terraria.gamepedia.com/Avenger_Emblem""}","[{""name"":""Ranger Emblem"",""img_src"":""https://gamepedia.cursecdn.com/terraria_gamepedia/3/31/Ranger_Emblem.png?version=d875008ff26b325993e1c7353eac9711"",""object_link"":""https://terraria.gamepedia.com/Ranger_Emblem""},{""name"":""Soul of Might"",""img_src"":""https://gamepedia.cursecdn.com/terraria_gamepedia/3/39/Soul_of_Might.png?version=a1bd20c6774cedcb5f172b0d5b2fe80b"",""object_link"":""https://terraria.gamepedia.com/Soul_of_Might""},{""name"":""Soul of Sight"",""img_src"":""https://gamepedia.cursecdn.com/terraria_gamepedia/0/0f/Soul_of_Sight.png?version=e11c2eceedfd7270fa8f602bd4b3d8da"",""object_link"":""https://terraria.gamepedia.com/Soul_of_Sight""},{""name"":""Soul of Fright"",""img_src"":""https://gamepedia.cursecdn.com/terraria_gamepedia/8/80/Soul_of_Fright.png?version=9e778fc4c4f630bcd115ef1e412e58b9"",""object_link"":""https://terraria.gamepedia.com/Soul_of_Fright""}]"
"{""name"":""Avenger Emblem"",""img_src"":""https://gamepedia.cursecdn.com/terraria_gamepedia/c/c3/Avenger_Emblem.png?version=2bbefc50400d7692516d887faeda568e"",""object_link"":""https://terraria.gamepedia.com/Avenger_Emblem""}","[{""name"":""Sorcerer Emblem"",""img_src"":""https://gamepedia.cursecdn.com/terraria_gamepedia/b/b6/Sorcerer_Emblem.png?version=b434413f431af0fa604d4529830d342f"",""object_link"":""https://terraria.gamepedia.com/Sorcerer_Emblem""},{""name"":""Soul of Might"",""img_src"":""https://gamepedia.cursecdn.com/terraria_gamepedia/3/39/Soul_of_Might.png?version=a1bd20c6774cedcb5f172b0d5b2fe80b"",""object_link"":""https://terraria.gamepedia.com/Soul_of_Might""},{""name"":""Soul of Sight"",""img_src"":""https://gamepedia.cursecdn.com/terraria_gamepedia/0/0f/Soul_of_Sight.png?version=e11c2eceedfd7270fa8f602bd4b3d8da"",""object_link"":""https://terraria.gamepedia.com/Soul_of_Sight""},{""name"":""Soul of Fright"",""img_src"":""https://gamepedia.cursecdn.com/terraria_gamepedia/8/80/Soul_of_Fright.png?version=9e778fc4c4f630bcd115ef1e412e58b9"",""object_link"":""https://terraria.gamepedia.com/Soul_of_Fright""}]"
"{""name"":""Avenger Emblem"",""img_src"":""https://gamepedia.cursecdn.com/terraria_gamepedia/c/c3/Avenger_Emblem.png?version=2bbefc50400d7692516d887faeda568e"",""object_link"":""https://terraria.gamepedia.com/Avenger_Emblem""}","[{""name"":""Summoner Emblem"",""img_src"":""https://gamepedia.cursecdn.com/terraria_gamepedia/7/70/Summoner_Emblem.png?version=1e320b0a85b10aa12c9c1dec97cda610"",""object_link"":""https://terraria.gamepedia.com/Summoner_Emblem""},{""name"":""Soul of Might"",""img_src"":""https://gamepedia.cursecdn.com/terraria_gamepedia/3/39/Soul_of_Might.png?version=a1bd20c6774cedcb5f172b0d5b2fe80b"",""object_link"":""https://terraria.gamepedia.com/Soul_of_Might""},{""name"":""Soul of Sight"",""img_src"":""https://gamepedia.cursecdn.com/terraria_gamepedia/0/0f/Soul_of_Sight.png?version=e11c2eceedfd7270fa8f602bd4b3d8da"",""object_link"":""https://terraria.gamepedia.com/Soul_of_Sight""},{""name"":""Soul of Fright"",""img_src"":""https://gamepedia.cursecdn.com/terraria_gamepedia/8/80/Soul_of_Fright.png?version=9e778fc4c4f630bcd115ef1e412e58b9"",""object_link"":""https://terraria.gamepedia.com/Soul_of_Fright""}]"
"{""name"":""Avenger Emblem"",""img_src"":""https://gamepedia.cursecdn.com/terraria_gamepedia/e/e2/Avenger_Emblem_%28old%29.png?version=cfa8ba417651e213abccdf5291772d8f"",""object_link"":""https://terraria.gamepedia.com/Avenger_Emblem""}","[{""name"":""Warrior Emblem"",""img_src"":""https://gamepedia.cursecdn.com/terraria_gamepedia/d/d7/Warrior_Emblem.png?version=d057b19d7db22a798827e495d7fa0b25"",""object_link"":""https://terraria.gamepedia.com/Warrior_Emblem""},{""name"":""Ranger Emblem"",""img_src"":""https://gamepedia.cursecdn.com/terraria_gamepedia/3/31/Ranger_Emblem.png?version=d875008ff26b325993e1c7353eac9711"",""object_link"":""https://terraria.gamepedia.com/Ranger_Emblem""},{""name"":""Sorcerer Emblem"",""img_src"":""https://gamepedia.cursecdn.com/terraria_gamepedia/b/b6/Sorcerer_Emblem.png?version=b434413f431af0fa604d4529830d342f"",""object_link"":""https://terraria.gamepedia.com/Sorcerer_Emblem""}]"
"{""name"":""Bee Cloak"",""img_src"":""https://gamepedia.cursecdn.com/terraria_gamepedia/2/2a/Bee_Cloak.png?version=1ac4d90d0f988930d1ff2dafb943ba8e"",""object_link"":""https://terraria.gamepedia.com/Bee_Cloak""}","[{""name"":""Honey Comb"",""img_src"":""https://gamepedia.cursecdn.com/terraria_gamepedia/f/fa/Honey_Comb.png?version=ef5691058ccd02ff1882f88362e95f10"",""object_link"":""https://terraria.gamepedia.com/Honey_Comb""},{""name"":""Star Cloak"",""img_src"":""https://gamepedia.cursecdn.com/terraria_gamepedia/d/d4/Star_Cloak.png?version=a1679e0efa97ea38c6666df2e377e159"",""object_link"":""https://terraria.gamepedia.com/Star_Cloak""}]"
"{""name"":""Berserker's Glove"",""img_src"":""https://gamepedia.cursecdn.com/terraria_gamepedia/0/05/Berserker%27s_Glove.png?version=ea12d7dc5777e32e5c6963eda03adc4e"",""object_link"":""https://terraria.gamepedia.com/Berserker%27s_Glove""}","[{""name"":""Power Glove"",""img_src"":""https://gamepedia.cursecdn.com/terraria_gamepedia/2/28/Power_Glove.png?version=a20310a64e62b2627736df1037037736"",""object_link"":""https://terraria.gamepedia.com/Power_Glove""},{""name"":""Flesh Knuckles"",""img_src"":""https://gamepedia.cursecdn.com/terraria_gamepedia/b/b9/Flesh_Knuckles.png?version=b553092308d28446d53b75c4bf180866"",""object_link"":""https://terraria.gamepedia.com/Flesh_Knuckles""}]"
"{""name"":""Blizzard in a Balloon"",""img_src"":""https://gamepedia.cursecdn.com/terraria_gamepedia/1/1c/Blizzard_in_a_Balloon.png?version=6d26f4d3cd00955eb93a8a706816d802"",""object_link"":""https://terraria.gamepedia.com/Blizzard_in_a_Balloon""}","[{""name"":""Blizzard in a Bottle"",""img_src"":""https://gamepedia.cursecdn.com/terraria_gamepedia/e/ed/Blizzard_in_a_Bottle.png?version=993effca8a27675e838aa444e16896de"",""object_link"":""https://terraria.gamepedia.com/Blizzard_in_a_Bottle""},{""name"":""Shiny Red Balloon"",""img_src"":""https://gamepedia.cursecdn.com/terraria_gamepedia/d/d0/Shiny_Red_Balloon.png?version=881dd03fc44febbf54eccf41e46f9bb2"",""object_link"":""https://terraria.gamepedia.com/Shiny_Red_Balloon""}]"
"{""name"":""Blue Horseshoe Balloon"",""img_src"":""https://gamepedia.cursecdn.com/terraria_gamepedia/5/53/Blue_Horseshoe_Balloon.png?version=735f2ef3b4f4de5b554e50571046bb81"",""object_link"":""https://terraria.gamepedia.com/Blue_Horseshoe_Balloon""}","[{""name"":""Cloud in a Balloon"",""img_src"":""https://gamepedia.cursecdn.com/terraria_gamepedia/d/db/Cloud_in_a_Balloon.png?version=4b08fb00ac98756065b8980403c25f7e"",""object_link"":""https://terraria.gamepedia.com/Cloud_in_a_Balloon""},{""name"":""Lucky Horseshoe"",""img_src"":""https://gamepedia.cursecdn.com/terraria_gamepedia/d/d7/Lucky_Horseshoe.png?version=f31cd1c9751200c0ec303b6498332c2f"",""object_link"":""https://terraria.gamepedia.com/Lucky_Horseshoe""}]"
"{""name"":""Boulder"",""img_src"":""https://gamepedia.cursecdn.com/terraria_gamepedia/2/21/Boulder.png?version=4d3142220f81500a0efb38e8a1708892"",""object_link"":""https://terraria.gamepedia.com/Boulder""}","[{""name"":""Stone Block"",""img_src"":""https://gamepedia.cursecdn.com/terraria_gamepedia/3/37/Stone_Block.png?version=50292ef2ce6bed2e6bf45c674c0812f2"",""object_link"":""https://terraria.gamepedia.com/Stone_Block""}]"
"{""name"":""Bundle of Balloons"",""img_src"":""https://gamepedia.cursecdn.com/terraria_gamepedia/d/d8/Bundle_of_Balloons.png?version=fdbe18eb8fff999dced00bd312b9b72d"",""object_link"":""https://terraria.gamepedia.com/Bundle_of_Balloons""}","[{""name"":""Cloud in a Balloon"",""img_src"":""https://gamepedia.cursecdn.com/terraria_gamepedia/d/db/Cloud_in_a_Balloon.png?version=4b08fb00ac98756065b8980403c25f7e"",""object_link"":""https://terraria.gamepedia.com/Cloud_in_a_Balloon""},{""name"":""Blizzard in a Balloon"",""img_src"":""https://gamepedia.cursecdn.com/terraria_gamepedia/1/1c/Blizzard_in_a_Balloon.png?version=6d26f4d3cd00955eb93a8a706816d802"",""object_link"":""https://terraria.gamepedia.com/Blizzard_in_a_Balloon""},{""name"":""Sandstorm in a Balloon"",""img_src"":""https://gamepedia.cursecdn.com/terraria_gamepedia/1/13/Sandstorm_in_a_Balloon.png?version=0d5a9f2c081ced6ee54807236e964830"",""object_link"":""https://terraria.gamepedia.com/Sandstorm_in_a_Balloon""}]"
"{""name"":""Celestial Cuffs"",""img_src"":""https://gamepedia.cursecdn.com/terraria_gamepedia/b/b8/Celestial_Cuffs.png?version=d7008c5589c5a14fbce6b23a4c10f4ee"",""object_link"":""https://terraria.gamepedia.com/Celestial_Cuffs""}","[{""name"":""Celestial Magnet"",""img_src"":""https://gamepedia.cursecdn.com/terraria_gamepedia/8/8d/Celestial_Magnet.png?version=816f9f83ad9c52119df713755763528b"",""object_link"":""https://terraria.gamepedia.com/Celestial_Magnet""},{""name"":""Magic Cuffs"",""img_src"":""https://gamepedia.cursecdn.com/terraria_gamepedia/d/da/Magic_Cuffs.png?version=db08e9a3d776d3cf4a510df222eb2c2c"",""object_link"":""https://terraria.gamepedia.com/Magic_Cuffs""}]"
"{""name"":""Celestial Emblem"",""img_src"":""https://gamepedia.cursecdn.com/terraria_gamepedia/0/04/Celestial_Emblem.png?version=14c29b44e3eec9084b93bf34b4cf079d"",""object_link"":""https://terraria.gamepedia.com/Celestial_Emblem""}","[{""name"":""Celestial Magnet"",""img_src"":""https://gamepedia.cursecdn.com/terraria_gamepedia/8/8d/Celestial_Magnet.png?version=816f9f83ad9c52119df713755763528b"",""object_link"":""https://terraria.gamepedia.com/Celestial_Magnet""},{""name"":""Avenger Emblem"",""img_src"":""https://gamepedia.cursecdn.com/terraria_gamepedia/c/c3/Avenger_Emblem.png?version=2bbefc50400d7692516d887faeda568e"",""object_link"":""https://terraria.gamepedia.com/Avenger_Emblem""}]"
"{""name"":""Celestial Shell"",""img_src"":""https://gamepedia.cursecdn.com/terraria_gamepedia/e/ee/Celestial_Shell.png?version=bac33484547f0d024b90920a57afbccd"",""object_link"":""https://terraria.gamepedia.com/Celestial_Shell""}","[{""name"":""Celestial Stone"",""img_src"":""https://gamepedia.cursecdn.com/terraria_gamepedia/c/c5/Celestial_Stone.png?version=1e60ad97f350229d116f9f10a65bc506"",""object_link"":""https://terraria.gamepedia.com/Celestial_Stone""},{""name"":""Moon Shell"",""img_src"":""https://gamepedia.cursecdn.com/terraria_gamepedia/0/00/Moon_Shell.png?version=41b7f83fa3e61d1828e7d79c1805069f"",""object_link"":""https://terraria.gamepedia.com/Moon_Shell""}]"
"{""name"":""Celestial Stone"",""img_src"":""https://gamepedia.cursecdn.com/terraria_gamepedia/c/c5/Celestial_Stone.png?version=1e60ad97f350229d116f9f10a65bc506"",""object_link"":""https://terraria.gamepedia.com/Celestial_Stone""}","[{""name"":""Sun Stone"",""img_src"":""https://gamepedia.cursecdn.com/terraria_gamepedia/0/0a/Sun_Stone.png?version=69cfc2998d22b1f77a0a1ecac8e6f4f7"",""object_link"":""https://terraria.gamepedia.com/Sun_Stone""},{""name"":""Moon Stone"",""img_src"":""https://gamepedia.cursecdn.com/terraria_gamepedia/3/35/Moon_Stone.png?version=9b148eba54d68ceac4532abb7a1f0f87"",""object_link"":""https://terraria.gamepedia.com/Moon_Stone""}]"
"{""name"":""Cell Phone"",""img_src"":""https://gamepedia.cursecdn.com/terraria_gamepedia/0/03/Cell_Phone.png?version=6c387c18c40c3570f3d24541a366bcc4"",""object_link"":""https://terraria.gamepedia.com/Cell_Phone""}","[{""name"":""PDA"",""img_src"":""https://gamepedia.cursecdn.com/terraria_gamepedia/a/ac/PDA.png?version=2c5dc40350c4ce0dadecbbfb432577a2"",""object_link"":""https://terraria.gamepedia.com/PDA""},{""name"":""Magic Mirror"",""img_src"":""https://gamepedia.cursecdn.com/terraria_gamepedia/1/1d/Magic_Mirror.png?version=0d7b0a4d03596070e8d98dc1ccc1226e"",""object_link"":""https://terraria.gamepedia.com/Magic_Mirror""}]"
"{""name"":""Cell Phone"",""img_src"":""https://gamepedia.cursecdn.com/terraria_gamepedia/0/03/Cell_Phone.png?version=6c387c18c40c3570f3d24541a366bcc4"",""object_link"":""https://terraria.gamepedia.com/Cell_Phone""}","[{""name"":""PDA"",""img_src"":""https://gamepedia.cursecdn.com/terraria_gamepedia/a/ac/PDA.png?version=2c5dc40350c4ce0dadecbbfb432577a2"",""object_link"":""https://terraria.gamepedia.com/PDA""},{""name"":""Ice Mirror"",""img_src"":""https://gamepedia.cursecdn.com/terraria_gamepedia/d/de/Ice_Mirror.png?version=92057e526653b32130495e9bda3e0e78"",""object_link"":""https://terraria.gamepedia.com/Ice_Mirror""}]"
"{""name"":""Charm of Myths"",""img_src"":""https://gamepedia.cursecdn.com/terraria_gamepedia/f/f0/Charm_of_Myths.png?version=eae7fee74b8a7a8d5f1e986f33408098"",""object_link"":""https://terraria.gamepedia.com/Charm_of_Myths""}","[{""name"":""Band of Regeneration"",""img_src"":""https://gamepedia.cursecdn.com/terraria_gamepedia/0/0f/Band_of_Regeneration.png?version=724287d02499ae80b910f146c92d39b0"",""object_link"":""https://terraria.gamepedia.com/Band_of_Regeneration""},{""name"":""Philosopher's Stone"",""img_src"":""https://gamepedia.cursecdn.com/terraria_gamepedia/b/b9/Philosopher%27s_Stone.png?version=6e527fd113dba51129f7816d5c3f1ce8"",""object_link"":""https://terraria.gamepedia.com/Philosopher%27s_Stone""}]"
"{""name"":""Cloud in a Balloon"",""img_src"":""https://gamepedia.cursecdn.com/terraria_gamepedia/d/db/Cloud_in_a_Balloon.png?version=4b08fb00ac98756065b8980403c25f7e"",""object_link"":""https://terraria.gamepedia.com/Cloud_in_a_Balloon""}","[{""name"":""Cloud in a Bottle"",""img_src"":""https://gamepedia.cursecdn.com/terraria_gamepedia/4/43/Cloud_in_a_Bottle.png?version=7f3ff10437b5ac49397cfdfcc525cb3e"",""object_link"":""https://terraria.gamepedia.com/Cloud_in_a_Bottle""},{""name"":""Shiny Red Balloon"",""img_src"":""https://gamepedia.cursecdn.com/terraria_gamepedia/d/d0/Shiny_Red_Balloon.png?version=881dd03fc44febbf54eccf41e46f9bb2"",""object_link"":""https://terraria.gamepedia.com/Shiny_Red_Balloon""}]"
"{""name"":""Coin Ring"",""img_src"":""https://gamepedia.cursecdn.com/terraria_gamepedia/1/11/Coin_Ring.png?version=7e3d28f53efe3d608f341912c7968824"",""object_link"":""https://terraria.gamepedia.com/Coin_Ring""}","[{""name"":""Gold Ring"",""img_src"":""https://gamepedia.cursecdn.com/terraria_gamepedia/b/bc/Gold_Ring.png?version=552363b48c063d48311eb3fff4a518d7"",""object_link"":""https://terraria.gamepedia.com/Gold_Ring""},{""name"":""Lucky Coin"",""img_src"":""https://gamepedia.cursecdn.com/terraria_gamepedia/a/a3/Lucky_Coin.png?version=8b90b9e3b239988ee07fba4372973422"",""object_link"":""https://terraria.gamepedia.com/Lucky_Coin""}]"
"{""name"":""Countercurse Mantra"",""img_src"":""https://gamepedia.cursecdn.com/terraria_gamepedia/4/4e/Countercurse_Mantra.png?version=8b5894cb61eb875e415584284c47ed67"",""object_link"":""https://terraria.gamepedia.com/Countercurse_Mantra""}","[{""name"":""Megaphone"",""img_src"":""https://gamepedia.cursecdn.com/terraria_gamepedia/6/62/Megaphone.png?version=3d8b928f146275bb69a00b6eff99ad76"",""object_link"":""https://terraria.gamepedia.com/Megaphone""},{""name"":""Nazar"",""img_src"":""https://gamepedia.cursecdn.com/terraria_gamepedia/1/16/Nazar.png?version=639cdc0e733bc56b6c34ecabe62a2f7f"",""object_link"":""https://terraria.gamepedia.com/Nazar""}]"
"{""name"":""Cyan Weighted Pressure Plate"",""img_src"":""https://gamepedia.cursecdn.com/terraria_gamepedia/0/04/Cyan_Weighted_Pressure_Plate.png?version=157764d14d0f36f80ae0d6d5539e000c"",""object_link"":""https://terraria.gamepedia.com/Cyan_Weighted_Pressure_Plate""}","[{""name"":""Any Pressure Plate"",""img_src"":""https://gamepedia.cursecdn.com/terraria_gamepedia/5/57/Any_Pressure_Plate.gif?version=35966d1f5879b8ab729c13d222eee942"",""object_link"":""https://terraria.gamepedia.com/Any_Pressure_Plate""},{""name"":""Any Iron Bar"",""img_src"":""https://gamepedia.cursecdn.com/terraria_gamepedia/b/b2/Any_Iron_Bar.gif?version=279381aa17334d22a0938a0b97b0a107"",""object_link"":""https://terraria.gamepedia.com/Any_Iron_Bar""},{""name"":""Wire"",""img_src"":""https://gamepedia.cursecdn.com/terraria_gamepedia/7/77/Wire.png?version=15cdacb1073acca16341b6a01c5bcd30"",""object_link"":""https://terraria.gamepedia.com/Wire""}]"
"{""name"":""Destroyer Emblem"",""img_src"":""https://gamepedia.cursecdn.com/terraria_gamepedia/5/5a/Destroyer_Emblem.png?version=6bdec96843619349eba8f9830eb0e6f7"",""object_link"":""https://terraria.gamepedia.com/Destroyer_Emblem""}","[{""name"":""Avenger Emblem"",""img_src"":""https://gamepedia.cursecdn.com/terraria_gamepedia/c/c3/Avenger_Emblem.png?version=2bbefc50400d7692516d887faeda568e"",""object_link"":""https://terraria.gamepedia.com/Avenger_Emblem""},{""name"":""Eye of the Golem"",""img_src"":""https://gamepedia.cursecdn.com/terraria_gamepedia/f/f1/Eye_of_the_Golem.png?version=2265968a2cce7b8183b8cf911fb907e2"",""object_link"":""https://terraria.gamepedia.com/Eye_of_the_Golem""}]"
"{""name"":""Diving Gear"",""img_src"":""https://gamepedia.cursecdn.com/terraria_gamepedia/7/70/Diving_Gear.png?version=b6fadd99d787008b68617056d4b2311c"",""object_link"":""https://terraria.gamepedia.com/Diving_Gear""}","[{""name"":""Flipper"",""img_src"":""https://gamepedia.cursecdn.com/terraria_gamepedia/1/17/Flipper.png?version=67c02c9af0643acc9c398b17a6125696"",""object_link"":""https://terraria.gamepedia.com/Flipper""},{""name"":""Diving Helmet"",""img_src"":""https://gamepedia.cursecdn.com/terraria_gamepedia/c/cb/Diving_Helmet.png?version=b5481d470c22526393e3afa74779fec7"",""object_link"":""https://terraria.gamepedia.com/Diving_Helmet""}]"
"{""name"":""Fairy Boots"",""img_src"":""https://gamepedia.cursecdn.com/terraria_gamepedia/8/82/Fairy_Boots.png?version=fdfa43adbb61b61e679d085dc9850bc1"",""object_link"":""https://terraria.gamepedia.com/Fairy_Boots""}","[{""name"":""Spectre Boots"",""img_src"":""https://gamepedia.cursecdn.com/terraria_gamepedia/2/28/Spectre_Boots.png?version=3006bd789515946dd423acbcaa006648"",""object_link"":""https://terraria.gamepedia.com/Spectre_Boots""},{""name"":""Flower Boots"",""img_src"":""https://gamepedia.cursecdn.com/terraria_gamepedia/4/4e/Flower_Boots.png?version=5d5de78a9fd65b74fe4afaeea24974a6"",""object_link"":""https://terraria.gamepedia.com/Flower_Boots""}]"
"{""name"":""Fart in a Balloon"",""img_src"":""https://gamepedia.cursecdn.com/terraria_gamepedia/6/6f/Fart_in_a_Balloon.png?version=2377d03428aad2d0e7f80351a40f6e49"",""object_link"":""https://terraria.gamepedia.com/Fart_in_a_Balloon""}","[{""name"":""Fart in a Jar"",""img_src"":""https://gamepedia.cursecdn.com/terraria_gamepedia/d/de/Fart_in_a_Jar.png?version=363f39b4a0112ae53225b1a981efec8e"",""object_link"":""https://terraria.gamepedia.com/Fart_in_a_Jar""},{""name"":""Shiny Red Balloon"",""img_src"":""https://gamepedia.cursecdn.com/terraria_gamepedia/d/d0/Shiny_Red_Balloon.png?version=881dd03fc44febbf54eccf41e46f9bb2"",""object_link"":""https://terraria.gamepedia.com/Shiny_Red_Balloon""}]"
"{""name"":""Fart in a Jar"",""img_src"":""https://gamepedia.cursecdn.com/terraria_gamepedia/d/de/Fart_in_a_Jar.png?version=363f39b4a0112ae53225b1a981efec8e"",""object_link"":""https://terraria.gamepedia.com/Fart_in_a_Jar""}","[{""name"":""Cloud in a Bottle"",""img_src"":""https://gamepedia.cursecdn.com/terraria_gamepedia/4/43/Cloud_in_a_Bottle.png?version=7f3ff10437b5ac49397cfdfcc525cb3e"",""object_link"":""https://terraria.gamepedia.com/Cloud_in_a_Bottle""},{""name"":""Whoopie Cushion"",""img_src"":""https://gamepedia.cursecdn.com/terraria_gamepedia/2/24/Whoopie_Cushion.png?version=59db5fb385a87ac15e018fabe50c1977"",""object_link"":""https://terraria.gamepedia.com/Whoopie_Cushion""}]"
"{""name"":""Fire Gauntlet"",""img_src"":""https://gamepedia.cursecdn.com/terraria_gamepedia/8/8a/Fire_Gauntlet.png?version=b2822aa3f7c894aa1724b82a87f83158"",""object_link"":""https://terraria.gamepedia.com/Fire_Gauntlet""}","[{""name"":""Magma Stone"",""img_src"":""https://gamepedia.cursecdn.com/terraria_gamepedia/3/33/Magma_Stone.png?version=0a858d62ba1f81779a18ac5c17b98501"",""object_link"":""https://terraria.gamepedia.com/Magma_Stone""},{""name"":""Mechanical Glove"",""img_src"":""https://gamepedia.cursecdn.com/terraria_gamepedia/2/21/Mechanical_Glove.png?version=ba869f6d0017116a077424f1edb7a156"",""object_link"":""https://terraria.gamepedia.com/Mechanical_Glove""}]"
"{""name"":""Fish Finder"",""img_src"":""https://gamepedia.cursecdn.com/terraria_gamepedia/5/5a/Fish_Finder.png?version=ccdcd0bf54c3f69f87dc1d68a9fe9ddc"",""object_link"":""https://terraria.gamepedia.com/Fish_Finder""}","[{""name"":""Fisherman's Pocket Guide"",""img_src"":""https://gamepedia.cursecdn.com/terraria_gamepedia/c/c9/Fisherman%27s_Pocket_Guide.png?version=e27bf5b5dce65f64e5bba664c18cd5c0"",""object_link"":""https://terraria.gamepedia.com/Fisherman%27s_Pocket_Guide""},{""name"":""Weather Radio"",""img_src"":""https://gamepedia.cursecdn.com/terraria_gamepedia/6/66/Weather_Radio.png?version=0c1f23b34862653abed7e8c0a5d8f303"",""object_link"":""https://terraria.gamepedia.com/Weather_Radio""},{""name"":""Sextant"",""img_src"":""https://gamepedia.cursecdn.com/terraria_gamepedia/b/b0/Sextant.png?version=673dccd56125bcfa9437c3050da401f8"",""object_link"":""https://terraria.gamepedia.com/Sextant""}]"
"{""name"":""Frog Flipper"",""img_src"":""https://gamepedia.cursecdn.com/terraria_gamepedia/a/a4/Frog_Flipper.png?version=36c36d3929f75f7c3f35633cdfc0bc25"",""object_link"":""https://terraria.gamepedia.com/Frog_Flipper""}","[{""name"":""Frog Leg"",""img_src"":""https://gamepedia.cursecdn.com/terraria_gamepedia/9/9f/Frog_Leg.png?version=41fabeb767de0fc9d7917d27f806a0f2"",""object_link"":""https://terraria.gamepedia.com/Frog_Leg""},{""name"":""Flipper"",""img_src"":""https://gamepedia.cursecdn.com/terraria_gamepedia/1/17/Flipper.png?version=67c02c9af0643acc9c398b17a6125696"",""object_link"":""https://terraria.gamepedia.com/Flipper""}]"
"{""name"":""Frog Gear"",""img_src"":""https://gamepedia.cursecdn.com/terraria_gamepedia/8/82/Frog_Gear.png?version=85835a7a6407288157c66fb45e0a7b0c"",""object_link"":""https://terraria.gamepedia.com/Frog_Gear""}","[{""name"":""Frog Flipper"",""img_src"":""https://gamepedia.cursecdn.com/terraria_gamepedia/a/a4/Frog_Flipper.png?version=36c36d3929f75f7c3f35633cdfc0bc25"",""object_link"":""https://terraria.gamepedia.com/Frog_Flipper""},{""name"":""Tiger Climbing Gear"",""img_src"":""https://gamepedia.cursecdn.com/terraria_gamepedia/a/a0/Tiger_Climbing_Gear.png?version=e8771a28cb953ff14526896e02aea2ad"",""object_link"":""https://terraria.gamepedia.com/Tiger_Climbing_Gear""}]"
"{""name"":""Frog Gear"",""img_src"":""https://gamepedia.cursecdn.com/terraria_gamepedia/8/82/Frog_Gear.png?version=85835a7a6407288157c66fb45e0a7b0c"",""object_link"":""https://terraria.gamepedia.com/Frog_Gear""}","[{""name"":""Frog Webbing"",""img_src"":""https://gamepedia.cursecdn.com/terraria_gamepedia/7/77/Frog_Webbing.png?version=3ef16b5e3e709a33ee492e4895d26830"",""object_link"":""https://terraria.gamepedia.com/Frog_Webbing""},{""name"":""Flipper"",""img_src"":""https://gamepedia.cursecdn.com/terraria_gamepedia/1/17/Flipper.png?version=67c02c9af0643acc9c398b17a6125696"",""object_link"":""https://terraria.gamepedia.com/Flipper""}]"
"{""name"":""Frog Webbing"",""img_src"":""https://gamepedia.cursecdn.com/terraria_gamepedia/7/77/Frog_Webbing.png?version=3ef16b5e3e709a33ee492e4895d26830"",""object_link"":""https://terraria.gamepedia.com/Frog_Webbing""}","[{""name"":""Frog Leg"",""img_src"":""https://gamepedia.cursecdn.com/terraria_gamepedia/9/9f/Frog_Leg.png?version=41fabeb767de0fc9d7917d27f806a0f2"",""object_link"":""https://terraria.gamepedia.com/Frog_Leg""},{""name"":""Tiger Climbing Gear"",""img_src"":""https://gamepedia.cursecdn.com/terraria_gamepedia/a/a0/Tiger_Climbing_Gear.png?version=e8771a28cb953ff14526896e02aea2ad"",""object_link"":""https://terraria.gamepedia.com/Tiger_Climbing_Gear""}]"
"{""name"":""Frostspark Boots"",""img_src"":""https://gamepedia.cursecdn.com/terraria_gamepedia/1/19/Frostspark_Boots.png?version=eb9efb361ab86950b8db221054ecbc12"",""object_link"":""https://terraria.gamepedia.com/Frostspark_Boots""}","[{""name"":""Lightning Boots"",""img_src"":""https://gamepedia.cursecdn.com/terraria_gamepedia/2/2c/Lightning_Boots.png?version=cb1d241a8fb1a2d0619d4fd335083a6b"",""object_link"":""https://terraria.gamepedia.com/Lightning_Boots""},{""name"":""Ice Skates"",""img_src"":""https://gamepedia.cursecdn.com/terraria_gamepedia/0/0a/Ice_Skates.png?version=40255395e2ca014e23e19c3f81c6bd54"",""object_link"":""https://terraria.gamepedia.com/Ice_Skates""}]"
"{""name"":""Frozen Shield"",""img_src"":""https://gamepedia.cursecdn.com/terraria_gamepedia/b/bc/Frozen_Shield.png?version=4d053a6ad4312b34aea4b982be8deb48"",""object_link"":""https://terraria.gamepedia.com/Frozen_Shield""}","[{""name"":""Paladin's Shield"",""img_src"":""https://gamepedia.cursecdn.com/terraria_gamepedia/6/67/Paladin%27s_Shield.png?version=21de0a5a12e108659ad761ed85ffc865"",""object_link"":""https://terraria.gamepedia.com/Paladin%27s_Shield""},{""name"":""Frozen Turtle Shell"",""img_src"":""https://gamepedia.cursecdn.com/terraria_gamepedia/2/2f/Frozen_Turtle_Shell.png?version=0ea69696c8b852c01454e5ee4dbaedda"",""object_link"":""https://terraria.gamepedia.com/Frozen_Turtle_Shell""}]"
"{""name"":""Goblin Tech"",""img_src"":""https://gamepedia.cursecdn.com/terraria_gamepedia/5/5c/Goblin_Tech.png?version=c466a52ab59ae34a72536ef8757329f8"",""object_link"":""https://terraria.gamepedia.com/Goblin_Tech""}","[{""name"":""Metal Detector"",""img_src"":""https://gamepedia.cursecdn.com/terraria_gamepedia/3/35/Metal_Detector.png?version=9f0bcdadae815593d318a16975387ef9"",""object_link"":""https://terraria.gamepedia.com/Metal_Detector""},{""name"":""Stopwatch"",""img_src"":""https://gamepedia.cursecdn.com/terraria_gamepedia/c/c6/Stopwatch.png?version=2fbe69aa6e7b8019266f2092ac364604"",""object_link"":""https://terraria.gamepedia.com/Stopwatch""},{""name"":""DPS Meter"",""img_src"":""https://gamepedia.cursecdn.com/terraria_gamepedia/0/0c/DPS_Meter.png?version=49a4178d8f2129dc8b899cce4f46bf10"",""object_link"":""https://terraria.gamepedia.com/DPS_Meter""}]"
"{""name"":""GPS"",""img_src"":""https://gamepedia.cursecdn.com/terraria_gamepedia/7/72/GPS.png?version=afece201a65a8089dbc4593bdaa9ff64"",""object_link"":""https://terraria.gamepedia.com/GPS""}","[{""name"":""Gold Watch"",""img_src"":""https://gamepedia.cursecdn.com/terraria_gamepedia/a/a8/Gold_Watch.png?version=f122863e4b44786dbf445be231a7840d"",""object_link"":""https://terraria.gamepedia.com/Gold_Watch""},{""name"":""Depth Meter"",""img_src"":""https://gamepedia.cursecdn.com/terraria_gamepedia/1/1d/Depth_Meter.png?version=4f7dedac82e1fe5dd3afebec08555f7f"",""object_link"":""https://terraria.gamepedia.com/Depth_Meter""},{""name"":""Compass"",""img_src"":""https://gamepedia.cursecdn.com/terraria_gamepedia/9/92/Compass.png?version=69e587e30714886d63e6d8c0fd6f6b81"",""object_link"":""https://terraria.gamepedia.com/Compass""}]"
"{""name"":""GPS"",""img_src"":""https://gamepedia.cursecdn.com/terraria_gamepedia/7/72/GPS.png?version=afece201a65a8089dbc4593bdaa9ff64"",""object_link"":""https://terraria.gamepedia.com/GPS""}","[{""name"":""Platinum Watch"",""img_src"":""https://gamepedia.cursecdn.com/terraria_gamepedia/5/5d/Platinum_Watch.png?version=8050c3f9f5a6918363ab5a59af0ed7a6"",""object_link"":""https://terraria.gamepedia.com/Platinum_Watch""},{""name"":""Depth Meter"",""img_src"":""https://gamepedia.cursecdn.com/terraria_gamepedia/1/1d/Depth_Meter.png?version=4f7dedac82e1fe5dd3afebec08555f7f"",""object_link"":""https://terraria.gamepedia.com/Depth_Meter""},{""name"":""Compass"",""img_src"":""https://gamepedia.cursecdn.com/terraria_gamepedia/9/92/Compass.png?version=69e587e30714886d63e6d8c0fd6f6b81"",""object_link"":""https://terraria.gamepedia.com/Compass""}]"
"{""name"":""Greedy Ring"",""img_src"":""https://gamepedia.cursecdn.com/terraria_gamepedia/6/67/Greedy_Ring.png?version=4f21dd51e6973ac59d07f2d6e6632aa4"",""object_link"":""https://terraria.gamepedia.com/Greedy_Ring""}","[{""name"":""Coin Ring"",""img_src"":""https://gamepedia.cursecdn.com/terraria_gamepedia/1/11/Coin_Ring.png?version=7e3d28f53efe3d608f341912c7968824"",""object_link"":""https://terraria.gamepedia.com/Coin_Ring""},{""name"":""Discount Card"",""img_src"":""https://gamepedia.cursecdn.com/terraria_gamepedia/e/ef/Discount_Card.png?version=97db0ac9d0904a814fabd9ff4699fac7"",""object_link"":""https://terraria.gamepedia.com/Discount_Card""}]"
"{""name"":""Green Horseshoe Balloon"",""img_src"":""https://gamepedia.cursecdn.com/terraria_gamepedia/4/4c/Green_Horseshoe_Balloon.png?version=dbf3679c508b379f10bc6323dec23c91"",""object_link"":""https://terraria.gamepedia.com/Green_Horseshoe_Balloon""}","[{""name"":""Fart in a Balloon"",""img_src"":""https://gamepedia.cursecdn.com/terraria_gamepedia/6/6f/Fart_in_a_Balloon.png?version=2377d03428aad2d0e7f80351a40f6e49"",""object_link"":""https://terraria.gamepedia.com/Fart_in_a_Balloon""},{""name"":""Lucky Horseshoe"",""img_src"":""https://gamepedia.cursecdn.com/terraria_gamepedia/d/d7/Lucky_Horseshoe.png?version=f31cd1c9751200c0ec303b6498332c2f"",""object_link"":""https://terraria.gamepedia.com/Lucky_Horseshoe""}]"
"{""name"":""Hellfire Treads"",""img_src"":""https://gamepedia.cursecdn.com/terraria_gamepedia/c/c7/Hellfire_Treads.png?version=a133c92bdd69deb9175f4aaa7f6b5dbb"",""object_link"":""https://terraria.gamepedia.com/Hellfire_Treads""}","[{""name"":""Flame Waker Boots"",""img_src"":""https://gamepedia.cursecdn.com/terraria_gamepedia/a/aa/Flame_Waker_Boots.png?version=f0a920647b11678f7fbbc3ff95894cde"",""object_link"":""https://terraria.gamepedia.com/Flame_Waker_Boots""},{""name"":""Lava Waders"",""img_src"":""https://gamepedia.cursecdn.com/terraria_gamepedia/1/1a/Lava_Waders.png?version=e4caca0c19c1e1cdc8609425e3c3d5f9"",""object_link"":""https://terraria.gamepedia.com/Lava_Waders""}]"
"{""name"":""Hero Shield"",""img_src"":""https://gamepedia.cursecdn.com/terraria_gamepedia/3/3e/Hero_Shield.png?version=0bc51d97580390437ecbf9e03e531292"",""object_link"":""https://terraria.gamepedia.com/Hero_Shield""}","[{""name"":""Paladin's Shield"",""img_src"":""https://gamepedia.cursecdn.com/terraria_gamepedia/6/67/Paladin%27s_Shield.png?version=21de0a5a12e108659ad761ed85ffc865"",""object_link"":""https://terraria.gamepedia.com/Paladin%27s_Shield""},{""name"":""Flesh Knuckles"",""img_src"":""https://gamepedia.cursecdn.com/terraria_gamepedia/b/b9/Flesh_Knuckles.png?version=b553092308d28446d53b75c4bf180866"",""object_link"":""https://terraria.gamepedia.com/Flesh_Knuckles""}]"
"{""name"":""Honey Balloon"",""img_src"":""https://gamepedia.cursecdn.com/terraria_gamepedia/b/b8/Honey_Balloon.png?version=c574998f0819b1b72730357e68bec330"",""object_link"":""https://terraria.gamepedia.com/Honey_Balloon""}","[{""name"":""Shiny Red Balloon"",""img_src"":""https://gamepedia.cursecdn.com/terraria_gamepedia/d/d0/Shiny_Red_Balloon.png?version=881dd03fc44febbf54eccf41e46f9bb2"",""object_link"":""https://terraria.gamepedia.com/Shiny_Red_Balloon""},{""name"":""Honey Comb"",""img_src"":""https://gamepedia.cursecdn.com/terraria_gamepedia/f/fa/Honey_Comb.png?version=ef5691058ccd02ff1882f88362e95f10"",""object_link"":""https://terraria.gamepedia.com/Honey_Comb""}]"
"{""name"":""Jellyfish Diving Gear"",""img_src"":""https://gamepedia.cursecdn.com/terraria_gamepedia/c/c7/Jellyfish_Diving_Gear.png?version=45f1e58ea5619a4f01e08199ede0db43"",""object_link"":""https://terraria.gamepedia.com/Jellyfish_Diving_Gear""}","[{""name"":""Diving Gear"",""img_src"":""https://gamepedia.cursecdn.com/terraria_gamepedia/7/70/Diving_Gear.png?version=b6fadd99d787008b68617056d4b2311c"",""object_link"":""https://terraria.gamepedia.com/Diving_Gear""},{""name"":""Jellyfish Necklace"",""img_src"":""https://gamepedia.cursecdn.com/terraria_gamepedia/6/66/Jellyfish_Necklace.png?version=bcd23faa9394543d09bf0b69343796ee"",""object_link"":""https://terraria.gamepedia.com/Jellyfish_Necklace""}]"
"{""name"":""Lava Waders"",""img_src"":""https://gamepedia.cursecdn.com/terraria_gamepedia/1/1a/Lava_Waders.png?version=e4caca0c19c1e1cdc8609425e3c3d5f9"",""object_link"":""https://terraria.gamepedia.com/Lava_Waders""}","[{""name"":""Obsidian Water Walking Boots"",""img_src"":""https://gamepedia.cursecdn.com/terraria_gamepedia/5/51/Obsidian_Water_Walking_Boots.png?version=8dee302baa69513e7c1a04963f516449"",""object_link"":""https://terraria.gamepedia.com/Obsidian_Water_Walking_Boots""},{""name"":""Lava Charm"",""img_src"":""https://gamepedia.cursecdn.com/terraria_gamepedia/9/9b/Lava_Charm.png?version=8445602ccb60c90a97e39cea74d045b7"",""object_link"":""https://terraria.gamepedia.com/Lava_Charm""}]"
"{""name"":""Lava Waders"",""img_src"":""https://gamepedia.cursecdn.com/terraria_gamepedia/1/1a/Lava_Waders.png?version=e4caca0c19c1e1cdc8609425e3c3d5f9"",""object_link"":""https://terraria.gamepedia.com/Lava_Waders""}","[{""name"":""Molten Charm"",""img_src"":""https://gamepedia.cursecdn.com/terraria_gamepedia/8/86/Molten_Charm.png?version=c8cda17c9d0d90bf6932ed423974d8a9"",""object_link"":""https://terraria.gamepedia.com/Molten_Charm""},{""name"":""Water Walking Boots"",""img_src"":""https://gamepedia.cursecdn.com/terraria_gamepedia/c/cf/Water_Walking_Boots.png?version=abb722ca15911fd61b5f3997e9d6c35f"",""object_link"":""https://terraria.gamepedia.com/Water_Walking_Boots""}]"
"{""name"":""Lava Waders"",""img_src"":""https://gamepedia.cursecdn.com/terraria_gamepedia/1/1a/Lava_Waders.png?version=e4caca0c19c1e1cdc8609425e3c3d5f9"",""object_link"":""https://terraria.gamepedia.com/Lava_Waders""}","[{""name"":""Molten Charm"",""img_src"":""https://gamepedia.cursecdn.com/terraria_gamepedia/8/86/Molten_Charm.png?version=c8cda17c9d0d90bf6932ed423974d8a9"",""object_link"":""https://terraria.gamepedia.com/Molten_Charm""},{""name"":""Obsidian Water Walking Boots"",""img_src"":""https://gamepedia.cursecdn.com/terraria_gamepedia/5/51/Obsidian_Water_Walking_Boots.png?version=8dee302baa69513e7c1a04963f516449"",""object_link"":""https://terraria.gamepedia.com/Obsidian_Water_Walking_Boots""}]"
"{""name"":""Lightning Boots"",""img_src"":""https://gamepedia.cursecdn.com/terraria_gamepedia/2/2c/Lightning_Boots.png?version=cb1d241a8fb1a2d0619d4fd335083a6b"",""object_link"":""https://terraria.gamepedia.com/Lightning_Boots""}","[{""name"":""Spectre Boots"",""img_src"":""https://gamepedia.cursecdn.com/terraria_gamepedia/2/28/Spectre_Boots.png?version=3006bd789515946dd423acbcaa006648"",""object_link"":""https://terraria.gamepedia.com/Spectre_Boots""},{""name"":""Anklet of the Wind"",""img_src"":""https://gamepedia.cursecdn.com/terraria_gamepedia/f/f4/Anklet_of_the_Wind.png?version=f7ed618b7acf7a8bf1db2e01c0bd356c"",""object_link"":""https://terraria.gamepedia.com/Anklet_of_the_Wind""},{""name"":""Aglet"",""img_src"":""https://gamepedia.cursecdn.com/terraria_gamepedia/6/6d/Aglet.png?version=9c59f1677ec799ec4b5cb98220bad22c"",""object_link"":""https://terraria.gamepedia.com/Aglet""}]"
"{""name"":""Magic Cuffs"",""img_src"":""https://gamepedia.cursecdn.com/terraria_gamepedia/d/da/Magic_Cuffs.png?version=db08e9a3d776d3cf4a510df222eb2c2c"",""object_link"":""https://terraria.gamepedia.com/Magic_Cuffs""}","[{""name"":""Mana Regeneration Band"",""img_src"":""https://gamepedia.cursecdn.com/terraria_gamepedia/e/e6/Mana_Regeneration_Band.png?version=8ad72cd5b8793221b18bc0172dbc005d"",""object_link"":""https://terraria.gamepedia.com/Mana_Regeneration_Band""},{""name"":""Shackle"",""img_src"":""https://gamepedia.cursecdn.com/terraria_gamepedia/d/dc/Shackle.png?version=486cecbd7e16c149c6bc7b0ba0c0266f"",""object_link"":""https://terraria.gamepedia.com/Shackle""}]"
"{""name"":""Magma Skull"",""img_src"":""https://gamepedia.cursecdn.com/terraria_gamepedia/3/3f/Magma_Skull.png?version=43f86f562c990d93058dedbc9b07fd89"",""object_link"":""https://terraria.gamepedia.com/Magma_Skull""}","[{""name"":""Obsidian Skull"",""img_src"":""https://gamepedia.cursecdn.com/terraria_gamepedia/4/4e/Obsidian_Skull.png?version=3e96b5c98e3337bae1fdc870b6fc6776"",""object_link"":""https://terraria.gamepedia.com/Obsidian_Skull""},{""name"":""Magma Stone"",""img_src"":""https://gamepedia.cursecdn.com/terraria_gamepedia/3/33/Magma_Stone.png?version=0a858d62ba1f81779a18ac5c17b98501"",""object_link"":""https://terraria.gamepedia.com/Magma_Stone""}]"
"{""name"":""Magnet Flower"",""img_src"":""https://gamepedia.cursecdn.com/terraria_gamepedia/4/4a/Magnet_Flower.png?version=a1f13d3c78f61a8693da17e807b2f625"",""object_link"":""https://terraria.gamepedia.com/Magnet_Flower""}","[{""name"":""Mana Flower"",""img_src"":""https://gamepedia.cursecdn.com/terraria_gamepedia/4/49/Mana_Flower.png?version=98bc0bfc68ce69d57c926267300baeb7"",""object_link"":""https://terraria.gamepedia.com/Mana_Flower""},{""name"":""Celestial Magnet"",""img_src"":""https://gamepedia.cursecdn.com/terraria_gamepedia/8/8d/Celestial_Magnet.png?version=816f9f83ad9c52119df713755763528b"",""object_link"":""https://terraria.gamepedia.com/Celestial_Magnet""}]"
"{""name"":""Mana Cloak"",""img_src"":""https://gamepedia.cursecdn.com/terraria_gamepedia/8/89/Mana_Cloak.png?version=c288eaab5db89bf49232f02a29cbe3a5"",""object_link"":""https://terraria.gamepedia.com/Mana_Cloak""}","[{""name"":""Mana Flower"",""img_src"":""https://gamepedia.cursecdn.com/terraria_gamepedia/4/49/Mana_Flower.png?version=98bc0bfc68ce69d57c926267300baeb7"",""object_link"":""https://terraria.gamepedia.com/Mana_Flower""},{""name"":""Star Cloak"",""img_src"":""https://gamepedia.cursecdn.com/terraria_gamepedia/d/d4/Star_Cloak.png?version=a1679e0efa97ea38c6666df2e377e159"",""object_link"":""https://terraria.gamepedia.com/Star_Cloak""}]"
"{""name"":""Mana Flower"",""img_src"":""https://gamepedia.cursecdn.com/terraria_gamepedia/4/49/Mana_Flower.png?version=98bc0bfc68ce69d57c926267300baeb7"",""object_link"":""https://terraria.gamepedia.com/Mana_Flower""}","[{""name"":""Nature's Gift"",""img_src"":""https://gamepedia.cursecdn.com/terraria_gamepedia/a/a5/Nature%27s_Gift.png?version=c5e78ae41e8e8a7d6c28bfd8761370d3"",""object_link"":""https://terraria.gamepedia.com/Nature%27s_Gift""},{""name"":""Mana Potion"",""img_src"":""https://gamepedia.cursecdn.com/terraria_gamepedia/8/80/Mana_Potion.png?version=7eaf9fffb129d6e4ad39782a5b263d86"",""object_link"":""https://terraria.gamepedia.com/Mana_Potion""}]"
"{""name"":""Mana Regeneration Band"",""img_src"":""https://gamepedia.cursecdn.com/terraria_gamepedia/e/e6/Mana_Regeneration_Band.png?version=8ad72cd5b8793221b18bc0172dbc005d"",""object_link"":""https://terraria.gamepedia.com/Mana_Regeneration_Band""}","[{""name"":""Band of Starpower"",""img_src"":""https://gamepedia.cursecdn.com/terraria_gamepedia/d/dc/Band_of_Starpower.png?version=ad32a888d83992b44c337eadcb5d24b0"",""object_link"":""https://terraria.gamepedia.com/Band_of_Starpower""},{""name"":""Band of Regeneration"",""img_src"":""https://gamepedia.cursecdn.com/terraria_gamepedia/0/0f/Band_of_Regeneration.png?version=724287d02499ae80b910f146c92d39b0"",""object_link"":""https://terraria.gamepedia.com/Band_of_Regeneration""}]"
"{""name"":""Master Ninja Gear"",""img_src"":""https://gamepedia.cursecdn.com/terraria_gamepedia/f/ff/Master_Ninja_Gear.png?version=f88044e0040633b6280f7efd063d7a61"",""object_link"":""https://terraria.gamepedia.com/Master_Ninja_Gear""}","[{""name"":""Tiger Climbing Gear"",""img_src"":""https://gamepedia.cursecdn.com/terraria_gamepedia/a/a0/Tiger_Climbing_Gear.png?version=e8771a28cb953ff14526896e02aea2ad"",""object_link"":""https://terraria.gamepedia.com/Tiger_Climbing_Gear""},{""name"":""Tabi"",""img_src"":""https://gamepedia.cursecdn.com/terraria_gamepedia/3/34/Tabi.png?version=5d0e11212f2da1cc98a3e9148be8406b"",""object_link"":""https://terraria.gamepedia.com/Tabi""},{""name"":""Black Belt"",""img_src"":""https://gamepedia.cursecdn.com/terraria_gamepedia/f/f4/Black_Belt.png?version=3d6a6e1d1e44fe51ad4728e19b2c6576"",""object_link"":""https://terraria.gamepedia.com/Black_Belt""}]"
"{""name"":""Mechanical Glove"",""img_src"":""https://gamepedia.cursecdn.com/terraria_gamepedia/2/21/Mechanical_Glove.png?version=ba869f6d0017116a077424f1edb7a156"",""object_link"":""https://terraria.gamepedia.com/Mechanical_Glove""}","[{""name"":""Power Glove"",""img_src"":""https://gamepedia.cursecdn.com/terraria_gamepedia/2/28/Power_Glove.png?version=a20310a64e62b2627736df1037037736"",""object_link"":""https://terraria.gamepedia.com/Power_Glove""},{""name"":""Avenger Emblem"",""img_src"":""https://gamepedia.cursecdn.com/terraria_gamepedia/c/c3/Avenger_Emblem.png?version=2bbefc50400d7692516d887faeda568e"",""object_link"":""https://terraria.gamepedia.com/Avenger_Emblem""}]"
"{""name"":""Medicated Bandage"",""img_src"":""https://gamepedia.cursecdn.com/terraria_gamepedia/d/d8/Medicated_Bandage.png?version=d20c7e784998276c685541931eaba180"",""object_link"":""https://terraria.gamepedia.com/Medicated_Bandage""}","[{""name"":""Bezoar"",""img_src"":""https://gamepedia.cursecdn.com/terraria_gamepedia/2/21/Bezoar.png?version=a56676c109a136f237917b8ffd6da890"",""object_link"":""https://terraria.gamepedia.com/Bezoar""},{""name"":""Adhesive Bandage"",""img_src"":""https://gamepedia.cursecdn.com/terraria_gamepedia/7/78/Adhesive_Bandage.png?version=2ffc3f308dcf4583d04c4389a214c2dd"",""object_link"":""https://terraria.gamepedia.com/Adhesive_Bandage""}]"
"{""name"":""Molten Charm"",""img_src"":""https://gamepedia.cursecdn.com/terraria_gamepedia/8/86/Molten_Charm.png?version=c8cda17c9d0d90bf6932ed423974d8a9"",""object_link"":""https://terraria.gamepedia.com/Molten_Charm""}","[{""name"":""Lava Charm"",""img_src"":""https://gamepedia.cursecdn.com/terraria_gamepedia/9/9b/Lava_Charm.png?version=8445602ccb60c90a97e39cea74d045b7"",""object_link"":""https://terraria.gamepedia.com/Lava_Charm""},{""name"":""Obsidian Skull"",""img_src"":""https://gamepedia.cursecdn.com/terraria_gamepedia/4/4e/Obsidian_Skull.png?version=3e96b5c98e3337bae1fdc870b6fc6776"",""object_link"":""https://terraria.gamepedia.com/Obsidian_Skull""}]"
"{""name"":""Molten Quiver"",""img_src"":""https://gamepedia.cursecdn.com/terraria_gamepedia/8/8e/Molten_Quiver.png?version=c42d22d7c26c99a9394ac8294966674d"",""object_link"":""https://terraria.gamepedia.com/Molten_Quiver""}","[{""name"":""Magic Quiver"",""img_src"":""https://gamepedia.cursecdn.com/terraria_gamepedia/b/b8/Magic_Quiver.png?version=3757f8b48041e218763abf6c9ae381fd"",""object_link"":""https://terraria.gamepedia.com/Magic_Quiver""},{""name"":""Magma Stone"",""img_src"":""https://gamepedia.cursecdn.com/terraria_gamepedia/3/33/Magma_Stone.png?version=0a858d62ba1f81779a18ac5c17b98501"",""object_link"":""https://terraria.gamepedia.com/Magma_Stone""}]"
"{""name"":""Molten Skull Rose"",""img_src"":""https://gamepedia.cursecdn.com/terraria_gamepedia/c/c0/Molten_Skull_Rose.png?version=ac68bb71e7e8373a41e92c9e3c508c87"",""object_link"":""https://terraria.gamepedia.com/Molten_Skull_Rose""}","[{""name"":""Obsidian Skull Rose"",""img_src"":""https://gamepedia.cursecdn.com/terraria_gamepedia/f/fa/Obsidian_Skull_Rose.png?version=a28a0c3affa860ab5c13080232d41e6e"",""object_link"":""https://terraria.gamepedia.com/Obsidian_Skull_Rose""},{""name"":""Magma Stone"",""img_src"":""https://gamepedia.cursecdn.com/terraria_gamepedia/3/33/Magma_Stone.png?version=0a858d62ba1f81779a18ac5c17b98501"",""object_link"":""https://terraria.gamepedia.com/Magma_Stone""}]"
"{""name"":""Molten Skull Rose"",""img_src"":""https://gamepedia.cursecdn.com/terraria_gamepedia/c/c0/Molten_Skull_Rose.png?version=ac68bb71e7e8373a41e92c9e3c508c87"",""object_link"":""https://terraria.gamepedia.com/Molten_Skull_Rose""}","[{""name"":""Magma Skull"",""img_src"":""https://gamepedia.cursecdn.com/terraria_gamepedia/3/3f/Magma_Skull.png?version=43f86f562c990d93058dedbc9b07fd89"",""object_link"":""https://terraria.gamepedia.com/Magma_Skull""},{""name"":""Obsidian Rose"",""img_src"":""https://gamepedia.cursecdn.com/terraria_gamepedia/5/54/Obsidian_Rose.png?version=de92819599c92263d09493f4d667bd40"",""object_link"":""https://terraria.gamepedia.com/Obsidian_Rose""}]"
"{""name"":""Molten Skull Rose"",""img_src"":""https://gamepedia.cursecdn.com/terraria_gamepedia/c/c0/Molten_Skull_Rose.png?version=ac68bb71e7e8373a41e92c9e3c508c87"",""object_link"":""https://terraria.gamepedia.com/Molten_Skull_Rose""}","[{""name"":""Magma Skull"",""img_src"":""https://gamepedia.cursecdn.com/terraria_gamepedia/3/3f/Magma_Skull.png?version=43f86f562c990d93058dedbc9b07fd89"",""object_link"":""https://terraria.gamepedia.com/Magma_Skull""},{""name"":""Obsidian Skull Rose"",""img_src"":""https://gamepedia.cursecdn.com/terraria_gamepedia/f/fa/Obsidian_Skull_Rose.png?version=a28a0c3affa860ab5c13080232d41e6e"",""object_link"":""https://terraria.gamepedia.com/Obsidian_Skull_Rose""}]"
"{""name"":""Moon Shell"",""img_src"":""https://gamepedia.cursecdn.com/terraria_gamepedia/0/00/Moon_Shell.png?version=41b7f83fa3e61d1828e7d79c1805069f"",""object_link"":""https://terraria.gamepedia.com/Moon_Shell""}","[{""name"":""Moon Charm"",""img_src"":""https://gamepedia.cursecdn.com/terraria_gamepedia/b/b6/Moon_Charm.png?version=7c97bb98301312eb8873202ed7af9e2b"",""object_link"":""https://terraria.gamepedia.com/Moon_Charm""},{""name"":""Neptune's Shell"",""img_src"":""https://gamepedia.cursecdn.com/terraria_gamepedia/0/0d/Neptune%27s_Shell.png?version=6c6899049b0c0213819f35d4e34c3c75"",""object_link"":""https://terraria.gamepedia.com/Neptune%27s_Shell""}]"
"{""name"":""Multicolor Wrench"",""img_src"":""https://gamepedia.cursecdn.com/terraria_gamepedia/9/99/Multicolor_Wrench.png?version=2ea5a87667bc98f294d16cf7a9713bb8"",""object_link"":""https://terraria.gamepedia.com/Multicolor_Wrench""}","[{""name"":""Red Wrench"",""img_src"":""https://gamepedia.cursecdn.com/terraria_gamepedia/4/45/Red_Wrench.png?version=03d4e4146055f58a6392f5329836524b"",""object_link"":""https://terraria.gamepedia.com/Red_Wrench""},{""name"":""Green Wrench"",""img_src"":""https://gamepedia.cursecdn.com/terraria_gamepedia/b/b2/Green_Wrench.png?version=fdc059f49ddf9779c9f185483130ca44"",""object_link"":""https://terraria.gamepedia.com/Green_Wrench""},{""name"":""Blue Wrench"",""img_src"":""https://gamepedia.cursecdn.com/terraria_gamepedia/0/0e/Blue_Wrench.png?version=a1434fc2bf5ed3970906db3efc631eea"",""object_link"":""https://terraria.gamepedia.com/Blue_Wrench""},{""name"":""Yellow Wrench"",""img_src"":""https://gamepedia.cursecdn.com/terraria_gamepedia/7/77/Yellow_Wrench.png?version=a8d2a6373c943bb4c50be2fbdda19eff"",""object_link"":""https://terraria.gamepedia.com/Yellow_Wrench""},{""name"":""Wire Cutter"",""img_src"":""https://gamepedia.cursecdn.com/terraria_gamepedia/2/25/Wire_Cutter.png?version=ec356efa8d5842863479bb01498743ea"",""object_link"":""https://terraria.gamepedia.com/Wire_Cutter""}]"
"{""name"":""Music Box (Journey's Beginning)"",""img_src"":""https://gamepedia.cursecdn.com/terraria_gamepedia/9/91/Music_Box_%28Journey%27s_Beginning%29.png?version=422abc8b4bcfcede4fc60e2f62a5c4b5"",""object_link"":""https://terraria.gamepedia.com/Music_Box_(Journey%27s_Beginning)""}","[{""name"":""Music Box (Slime Rain)"",""img_src"":""https://gamepedia.cursecdn.com/terraria_gamepedia/6/63/Music_Box_%28Slime_Rain%29.png?version=db2d64fb0b31d9fb54de45e023adb08d"",""object_link"":""https://terraria.gamepedia.com/Music_Box_(Slime_Rain)""},{""name"":""Music Box (Town Day)"",""img_src"":""https://gamepedia.cursecdn.com/terraria_gamepedia/3/34/Music_Box_%28Town_Day%29.png?version=4fe6b80ecac8994331455c88f8ec1f57"",""object_link"":""https://terraria.gamepedia.com/Music_Box_(Town_Day)""},{""name"":""Music Box (Town Night)"",""img_src"":""https://gamepedia.cursecdn.com/terraria_gamepedia/8/80/Music_Box_%28Town_Night%29.png?version=ff44faffd8e7954abecb465cc3137844"",""object_link"":""https://terraria.gamepedia.com/Music_Box_(Town_Night)""},{""name"":""Music Box (Windy Day)"",""img_src"":""https://gamepedia.cursecdn.com/terraria_gamepedia/2/25/Music_Box_%28Windy_Day%29.png?version=5f3b405025bc74efbe367023d598d9b3"",""object_link"":""https://terraria.gamepedia.com/Music_Box_(Windy_Day)""},{""name"":""Music Box (Storm)"",""img_src"":""https://gamepedia.cursecdn.com/terraria_gamepedia/5/51/Music_Box_%28Storm%29.png?version=eccf02f70245f91e76f58e98eb59f859"",""object_link"":""https://terraria.gamepedia.com/Music_Box_(Storm)""},{""name"":""Music Box (Graveyard)"",""img_src"":""https://gamepedia.cursecdn.com/terraria_gamepedia/2/28/Music_Box_%28Graveyard%29.png?version=e444d9dd16de11832d773d3131880bfa"",""object_link"":""https://terraria.gamepedia.com/Music_Box_(Graveyard)""},{""name"":""Music Box (Underground Jungle)"",""img_src"":""https://gamepedia.cursecdn.com/terraria_gamepedia/c/c2/Music_Box_%28Underground_Jungle%29.png?version=1685f55a2903c5b3b42b8b579c69c944"",""object_link"":""https://terraria.gamepedia.com/Music_Box_(Underground_Jungle)""},{""name"":""Music Box (Jungle Night)"",""img_src"":""https://gamepedia.cursecdn.com/terraria_gamepedia/f/fa/Music_Box_%28Jungle_Night%29.png?version=5729df50faccbeb841a7b7d58ff9bd07"",""object_link"":""https://terraria.gamepedia.com/Music_Box_(Jungle_Night)""},{""name"":""Music Box (Underground Desert)"",""img_src"":""https://gamepedia.cursecdn.com/terraria_gamepedia/c/c7/Music_Box_%28Underground_Desert%29.png?version=74b3d960d0e40b947c0c58a3dbd31f3d"",""object_link"":""https://terraria.gamepedia.com/Music_Box_(Underground_Desert)""},{""name"":""Music Box (Queen Slime)"",""img_src"":""https://gamepedia.cursecdn.com/terraria_gamepedia/d/d2/Music_Box_%28Queen_Slime%29.png?version=d921dd5fa4bdcd450e2aa8066797c7f4"",""object_link"":""https://terraria.gamepedia.com/Music_Box_(Queen_Slime)""},{""name"":""Music Box (Empress Of Light)"",""img_src"":""https://gamepedia.cursecdn.com/terraria_gamepedia/c/c3/Music_Box_%28Empress_Of_Light%29.png?version=34c53772bbac07682e9289d6c5a642ec"",""object_link"":""https://terraria.gamepedia.com/Music_Box_(Empress_Of_Light)""},{""name"":""Music Box (Duke Fishron)"",""img_src"":""https://gamepedia.cursecdn.com/terraria_gamepedia/4/48/Music_Box_%28Duke_Fishron%29.png?version=8ae76eef3c5a3fe0be01409ebb72d803"",""object_link"":""https://terraria.gamepedia.com/Music_Box_(Duke_Fishron)""}]"
"{""name"":""Music Box (Title)"",""img_src"":""https://gamepedia.cursecdn.com/terraria_gamepedia/9/9c/Music_Box_%28Title%29.png?version=4308e1e8ae9859af30aebd62d3b6d79f"",""object_link"":""https://terraria.gamepedia.com/Music_Box_(Title)""}","[{""name"":""Music Box (Overworld Day)"",""img_src"":""https://gamepedia.cursecdn.com/terraria_gamepedia/9/97/Music_Box_%28Overworld_Day%29.png?version=9dfcdd8d6bb1a759b27d7f25783606e9"",""object_link"":""https://terraria.gamepedia.com/Music_Box_(Overworld_Day)""},{""name"":""Music Box (Eerie)"",""img_src"":""https://gamepedia.cursecdn.com/terraria_gamepedia/a/a2/Music_Box_%28Eerie%29.png?version=561d5ee4124b8a0f53fcbb228c23e046"",""object_link"":""https://terraria.gamepedia.com/Music_Box_(Eerie)""},{""name"":""Music Box (Night)"",""img_src"":""https://gamepedia.cursecdn.com/terraria_gamepedia/7/78/Music_Box_%28Night%29.png?version=0198839bf663b2142d417917a69c64a8"",""object_link"":""https://terraria.gamepedia.com/Music_Box_(Night)""},{""name"":""Music Box (Underground)"",""img_src"":""https://gamepedia.cursecdn.com/terraria_gamepedia/0/07/Music_Box_%28Underground%29.png?version=d85ac45be5b038b58eef6ab46c638d55"",""object_link"":""https://terraria.gamepedia.com/Music_Box_(Underground)""},{""name"":""Music Box (Boss 1)"",""img_src"":""https://gamepedia.cursecdn.com/terraria_gamepedia/e/e6/Music_Box_%28Boss_1%29.png?version=87cedafcda4c5eef4ce194eca932b187"",""object_link"":""https://terraria.gamepedia.com/Music_Box_(Boss_1)""},{""name"":""Music Box (Jungle)"",""img_src"":""https://gamepedia.cursecdn.com/terraria_gamepedia/5/58/Music_Box_%28Jungle%29.png?version=a0194a35f7ff71c8f730eb2c430f3192"",""object_link"":""https://terraria.gamepedia.com/Music_Box_(Jungle)""},{""name"":""Music Box (Corruption)"",""img_src"":""https://gamepedia.cursecdn.com/terraria_gamepedia/e/e0/Music_Box_%28Corruption%29.png?version=c7a2bf104e6d6ec3403848f371b64c33"",""object_link"":""https://terraria.gamepedia.com/Music_Box_(Corruption)""},{""name"":""Music Box (Underground Corruption)"",""img_src"":""https://gamepedia.cursecdn.com/terraria_gamepedia/3/38/Music_Box_%28Underground_Corruption%29.png?version=5dbc4f86e2dbe64dad45b7cc9e2978a3"",""object_link"":""https://terraria.gamepedia.com/Music_Box_(Underground_Corruption)""},{""name"":""Music Box (The Hallow)"",""img_src"":""https://gamepedia.cursecdn.com/terraria_gamepedia/8/8a/Music_Box_%28The_Hallow%29.png?version=d6d48e3233db851163fa627ac78c9e02"",""object_link"":""https://terraria.gamepedia.com/Music_Box_(The_Hallow)""},{""name"":""Music Box (Boss 2)"",""img_src"":""https://gamepedia.cursecdn.com/terraria_gamepedia/1/1e/Music_Box_%28Boss_2%29.png?version=6e20c311dff69fa57a9caacceb5d99a7"",""object_link"":""https://terraria.gamepedia.com/Music_Box_(Boss_2)""},{""name"":""Music Box (Underground Hallow)"",""img_src"":""https://gamepedia.cursecdn.com/terraria_gamepedia/0/05/Music_Box_%28Underground_Hallow%29.png?version=365a79f6b064ed44b3ce14f6681f8441"",""object_link"":""https://terraria.gamepedia.com/Music_Box_(Underground_Hallow)""},{""name"":""Music Box (Boss 3)"",""img_src"":""https://gamepedia.cursecdn.com/terraria_gamepedia/3/3b/Music_Box_%28Boss_3%29.png?version=94b4f45598b6dc06ebaf2a97442239e7"",""object_link"":""https://terraria.gamepedia.com/Music_Box_(Boss_3)""}]"
"{""name"":""Music Box (Tutorial)"",""img_src"":""https://gamepedia.cursecdn.com/terraria_gamepedia/f/f7/Music_Box_%28Tutorial%29.png?version=4213e2ef6bf63ac91832faee186866fc"",""object_link"":""https://terraria.gamepedia.com/Music_Box_(Tutorial)""}","[{""name"":""Music Box (Desert)"",""img_src"":""https://gamepedia.cursecdn.com/terraria_gamepedia/e/e4/Music_Box_%28Desert%29.png?version=aeb049ae53b03022881d2ee7e5722b22"",""object_link"":""https://terraria.gamepedia.com/Music_Box_(Desert)""},{""name"":""Music Box (Space)"",""img_src"":""https://gamepedia.cursecdn.com/terraria_gamepedia/0/06/Music_Box_%28Space%29.png?version=db21f1afa0290ebe5693600801c2e4ff"",""object_link"":""https://terraria.gamepedia.com/Music_Box_(Space)""},{""name"":""Music Box (Boss 4)"",""img_src"":""https://gamepedia.cursecdn.com/terraria_gamepedia/a/a9/Music_Box_%28Boss_4%29.png?version=6e7c6ed05659490d399daceaf04baf8a"",""object_link"":""https://terraria.gamepedia.com/Music_Box_(Boss_4)""},{""name"":""Music Box (Ocean)"",""img_src"":""https://gamepedia.cursecdn.com/terraria_gamepedia/2/2f/Music_Box_%28Ocean%29.png?version=409b61a651d596d982d8ff1554d67ff1"",""object_link"":""https://terraria.gamepedia.com/Music_Box_(Ocean)""},{""name"":""Music Box (Snow)"",""img_src"":""https://gamepedia.cursecdn.com/terraria_gamepedia/3/39/Music_Box_%28Snow%29.png?version=89bfc4d5a9a06449ad05cea4baf289e4"",""object_link"":""https://terraria.gamepedia.com/Music_Box_(Snow)""}]"
"{""name"":""Obsidian Horseshoe"",""img_src"":""https://gamepedia.cursecdn.com/terraria_gamepedia/a/a1/Obsidian_Horseshoe.png?version=70556e12e4854f9b5ec6193a32dc589a"",""object_link"":""https://terraria.gamepedia.com/Obsidian_Horseshoe""}","[{""name"":""Lucky Horseshoe"",""img_src"":""https://gamepedia.cursecdn.com/terraria_gamepedia/d/d7/Lucky_Horseshoe.png?version=f31cd1c9751200c0ec303b6498332c2f"",""object_link"":""https://terraria.gamepedia.com/Lucky_Horseshoe""},{""name"":""Obsidian Skull"",""img_src"":""https://gamepedia.cursecdn.com/terraria_gamepedia/4/4e/Obsidian_Skull.png?version=3e96b5c98e3337bae1fdc870b6fc6776"",""object_link"":""https://terraria.gamepedia.com/Obsidian_Skull""}]"
"{""name"":""Obsidian Shield"",""img_src"":""https://gamepedia.cursecdn.com/terraria_gamepedia/7/7a/Obsidian_Shield.png?version=75e631d5a99038318fcc82cda8f44262"",""object_link"":""https://terraria.gamepedia.com/Obsidian_Shield""}","[{""name"":""Cobalt Shield"",""img_src"":""https://gamepedia.cursecdn.com/terraria_gamepedia/3/3d/Cobalt_Shield.png?version=3e2ce2fe261f9d4c024aacab28e3d7ca"",""object_link"":""https://terraria.gamepedia.com/Cobalt_Shield""},{""name"":""Obsidian Skull"",""img_src"":""https://gamepedia.cursecdn.com/terraria_gamepedia/4/4e/Obsidian_Skull.png?version=3e96b5c98e3337bae1fdc870b6fc6776"",""object_link"":""https://terraria.gamepedia.com/Obsidian_Skull""}]"
"{""name"":""Obsidian Skull Rose"",""img_src"":""https://gamepedia.cursecdn.com/terraria_gamepedia/f/fa/Obsidian_Skull_Rose.png?version=a28a0c3affa860ab5c13080232d41e6e"",""object_link"":""https://terraria.gamepedia.com/Obsidian_Skull_Rose""}","[{""name"":""Obsidian Skull"",""img_src"":""https://gamepedia.cursecdn.com/terraria_gamepedia/4/4e/Obsidian_Skull.png?version=3e96b5c98e3337bae1fdc870b6fc6776"",""object_link"":""https://terraria.gamepedia.com/Obsidian_Skull""},{""name"":""Obsidian Rose"",""img_src"":""https://gamepedia.cursecdn.com/terraria_gamepedia/5/54/Obsidian_Rose.png?version=de92819599c92263d09493f4d667bd40"",""object_link"":""https://terraria.gamepedia.com/Obsidian_Rose""}]"
"{""name"":""Obsidian Water Walking Boots"",""img_src"":""https://gamepedia.cursecdn.com/terraria_gamepedia/5/51/Obsidian_Water_Walking_Boots.png?version=8dee302baa69513e7c1a04963f516449"",""object_link"":""https://terraria.gamepedia.com/Obsidian_Water_Walking_Boots""}","[{""name"":""Water Walking Boots"",""img_src"":""https://gamepedia.cursecdn.com/terraria_gamepedia/c/cf/Water_Walking_Boots.png?version=abb722ca15911fd61b5f3997e9d6c35f"",""object_link"":""https://terraria.gamepedia.com/Water_Walking_Boots""},{""name"":""Obsidian Skull"",""img_src"":""https://gamepedia.cursecdn.com/terraria_gamepedia/4/4e/Obsidian_Skull.png?version=3e96b5c98e3337bae1fdc870b6fc6776"",""object_link"":""https://terraria.gamepedia.com/Obsidian_Skull""}]"
"{""name"":""Orange Weighted Pressure Plate"",""img_src"":""https://gamepedia.cursecdn.com/terraria_gamepedia/1/12/Orange_Weighted_Pressure_Plate.png?version=79724866db1a93f928b5d69d749be54c"",""object_link"":""https://terraria.gamepedia.com/Orange_Weighted_Pressure_Plate""}","[{""name"":""Any Pressure Plate"",""img_src"":""https://gamepedia.cursecdn.com/terraria_gamepedia/5/57/Any_Pressure_Plate.gif?version=35966d1f5879b8ab729c13d222eee942"",""object_link"":""https://terraria.gamepedia.com/Any_Pressure_Plate""},{""name"":""Any Iron Bar"",""img_src"":""https://gamepedia.cursecdn.com/terraria_gamepedia/b/b2/Any_Iron_Bar.gif?version=279381aa17334d22a0938a0b97b0a107"",""object_link"":""https://terraria.gamepedia.com/Any_Iron_Bar""},{""name"":""Wire"",""img_src"":""https://gamepedia.cursecdn.com/terraria_gamepedia/7/77/Wire.png?version=15cdacb1073acca16341b6a01c5bcd30"",""object_link"":""https://terraria.gamepedia.com/Wire""}]"
"{""name"":""Papyrus Scarab"",""img_src"":""https://gamepedia.cursecdn.com/terraria_gamepedia/a/a8/Papyrus_Scarab.png?version=5050f40e5cf0004df719b6ff83555b88"",""object_link"":""https://terraria.gamepedia.com/Papyrus_Scarab""}","[{""name"":""Necromantic Scroll"",""img_src"":""https://gamepedia.cursecdn.com/terraria_gamepedia/6/67/Necromantic_Scroll.png?version=d696f0ab9d4cf444d0de5626f9942753"",""object_link"":""https://terraria.gamepedia.com/Necromantic_Scroll""},{""name"":""Hercules Beetle"",""img_src"":""https://gamepedia.cursecdn.com/terraria_gamepedia/5/5a/Hercules_Beetle.png?version=3b37876553271eccd924b210005a6687"",""object_link"":""https://terraria.gamepedia.com/Hercules_Beetle""}]"
"{""name"":""PDA"",""img_src"":""https://gamepedia.cursecdn.com/terraria_gamepedia/a/ac/PDA.png?version=2c5dc40350c4ce0dadecbbfb432577a2"",""object_link"":""https://terraria.gamepedia.com/PDA""}","[{""name"":""GPS"",""img_src"":""https://gamepedia.cursecdn.com/terraria_gamepedia/7/72/GPS.png?version=afece201a65a8089dbc4593bdaa9ff64"",""object_link"":""https://terraria.gamepedia.com/GPS""},{""name"":""Fish Finder"",""img_src"":""https://gamepedia.cursecdn.com/terraria_gamepedia/5/5a/Fish_Finder.png?version=ccdcd0bf54c3f69f87dc1d68a9fe9ddc"",""object_link"":""https://terraria.gamepedia.com/Fish_Finder""},{""name"":""Goblin Tech"",""img_src"":""https://gamepedia.cursecdn.com/terraria_gamepedia/5/5c/Goblin_Tech.png?version=c466a52ab59ae34a72536ef8757329f8"",""object_link"":""https://terraria.gamepedia.com/Goblin_Tech""},{""name"":""R.E.K. 3000"",""img_src"":""https://gamepedia.cursecdn.com/terraria_gamepedia/5/56/R.E.K._3000.png?version=0115b5d663f05e099d1eca4842f8c8f3"",""object_link"":""https://terraria.gamepedia.com/R.E.K._3000""}]"
"{""name"":""Pink Horseshoe Balloon"",""img_src"":""https://gamepedia.cursecdn.com/terraria_gamepedia/1/1f/Pink_Horseshoe_Balloon.png?version=e57dee1b476abbcb9dff011b8404ea3b"",""object_link"":""https://terraria.gamepedia.com/Pink_Horseshoe_Balloon""}","[{""name"":""Sharkron Balloon"",""img_src"":""https://gamepedia.cursecdn.com/terraria_gamepedia/3/3b/Sharkron_Balloon.png?version=d49b220fbc56fdaa26545662ff73956f"",""object_link"":""https://terraria.gamepedia.com/Sharkron_Balloon""},{""name"":""Lucky Horseshoe"",""img_src"":""https://gamepedia.cursecdn.com/terraria_gamepedia/d/d7/Lucky_Horseshoe.png?version=f31cd1c9751200c0ec303b6498332c2f"",""object_link"":""https://terraria.gamepedia.com/Lucky_Horseshoe""}]"
"{""name"":""Pink Weighted Pressure Plate"",""img_src"":""https://gamepedia.cursecdn.com/terraria_gamepedia/b/b1/Pink_Weighted_Pressure_Plate.png?version=7cd64139e12858e4efcb002e7355decf"",""object_link"":""https://terraria.gamepedia.com/Pink_Weighted_Pressure_Plate""}","[{""name"":""Any Pressure Plate"",""img_src"":""https://gamepedia.cursecdn.com/terraria_gamepedia/5/57/Any_Pressure_Plate.gif?version=35966d1f5879b8ab729c13d222eee942"",""object_link"":""https://terraria.gamepedia.com/Any_Pressure_Plate""},{""name"":""Any Iron Bar"",""img_src"":""https://gamepedia.cursecdn.com/terraria_gamepedia/b/b2/Any_Iron_Bar.gif?version=279381aa17334d22a0938a0b97b0a107"",""object_link"":""https://terraria.gamepedia.com/Any_Iron_Bar""},{""name"":""Wire"",""img_src"":""https://gamepedia.cursecdn.com/terraria_gamepedia/7/77/Wire.png?version=15cdacb1073acca16341b6a01c5bcd30"",""object_link"":""https://terraria.gamepedia.com/Wire""}]"
"{""name"":""Power Glove"",""img_src"":""https://gamepedia.cursecdn.com/terraria_gamepedia/2/28/Power_Glove.png?version=a20310a64e62b2627736df1037037736"",""object_link"":""https://terraria.gamepedia.com/Power_Glove""}","[{""name"":""Titan Glove"",""img_src"":""https://gamepedia.cursecdn.com/terraria_gamepedia/d/d8/Titan_Glove.png?version=c7e058da7554cb8056f72f3c915d6f75"",""object_link"":""https://terraria.gamepedia.com/Titan_Glove""},{""name"":""Feral Claws"",""img_src"":""https://gamepedia.cursecdn.com/terraria_gamepedia/9/9d/Feral_Claws.png?version=a7d9af6d631ec0acbfc0082ae46ec219"",""object_link"":""https://terraria.gamepedia.com/Feral_Claws""}]"
"{""name"":""Purple Weighted Pressure Plate"",""img_src"":""https://gamepedia.cursecdn.com/terraria_gamepedia/6/6c/Purple_Weighted_Pressure_Plate.png?version=efd94ba34df8f2785e69e00d6c1f2a16"",""object_link"":""https://terraria.gamepedia.com/Purple_Weighted_Pressure_Plate""}","[{""name"":""Any Pressure Plate"",""img_src"":""https://gamepedia.cursecdn.com/terraria_gamepedia/5/57/Any_Pressure_Plate.gif?version=35966d1f5879b8ab729c13d222eee942"",""object_link"":""https://terraria.gamepedia.com/Any_Pressure_Plate""},{""name"":""Any Iron Bar"",""img_src"":""https://gamepedia.cursecdn.com/terraria_gamepedia/b/b2/Any_Iron_Bar.gif?version=279381aa17334d22a0938a0b97b0a107"",""object_link"":""https://terraria.gamepedia.com/Any_Iron_Bar""},{""name"":""Wire"",""img_src"":""https://gamepedia.cursecdn.com/terraria_gamepedia/7/77/Wire.png?version=15cdacb1073acca16341b6a01c5bcd30"",""object_link"":""https://terraria.gamepedia.com/Wire""}]"
"{""name"":""R.E.K. 3000"",""img_src"":""https://gamepedia.cursecdn.com/terraria_gamepedia/5/56/R.E.K._3000.png?version=0115b5d663f05e099d1eca4842f8c8f3"",""object_link"":""https://terraria.gamepedia.com/R.E.K._3000""}","[{""name"":""Radar"",""img_src"":""https://gamepedia.cursecdn.com/terraria_gamepedia/4/46/Radar.png?version=5828695c0330e3059da4cc5d342f5be9"",""object_link"":""https://terraria.gamepedia.com/Radar""},{""name"":""Lifeform Analyzer"",""img_src"":""https://gamepedia.cursecdn.com/terraria_gamepedia/c/c3/Lifeform_Analyzer.png?version=142252f53221c9a1caf7a24c40c2e890"",""object_link"":""https://terraria.gamepedia.com/Lifeform_Analyzer""},{""name"":""Tally Counter"",""img_src"":""https://gamepedia.cursecdn.com/terraria_gamepedia/4/40/Tally_Counter.png?version=0e9c50f3882f0666201f2aaff166326f"",""object_link"":""https://terraria.gamepedia.com/Tally_Counter""}]"
"{""name"":""Recon Scope"",""img_src"":""https://gamepedia.cursecdn.com/terraria_gamepedia/5/5f/Recon_Scope.png?version=9c7e470d016a645ace1a43231c4adf3b"",""object_link"":""https://terraria.gamepedia.com/Recon_Scope""}","[{""name"":""Sniper Scope"",""img_src"":""https://gamepedia.cursecdn.com/terraria_gamepedia/3/3a/Sniper_Scope.png?version=0ead62f56cece77b7920d71cc99bea3d"",""object_link"":""https://terraria.gamepedia.com/Sniper_Scope""},{""name"":""Putrid Scent"",""img_src"":""https://gamepedia.cursecdn.com/terraria_gamepedia/9/92/Putrid_Scent.png?version=434fdb08748221953f04e034221a4f72"",""object_link"":""https://terraria.gamepedia.com/Putrid_Scent""}]"
"{""name"":""Sandstorm in a Balloon"",""img_src"":""https://gamepedia.cursecdn.com/terraria_gamepedia/1/13/Sandstorm_in_a_Balloon.png?version=0d5a9f2c081ced6ee54807236e964830"",""object_link"":""https://terraria.gamepedia.com/Sandstorm_in_a_Balloon""}","[{""name"":""Sandstorm in a Bottle"",""img_src"":""https://gamepedia.cursecdn.com/terraria_gamepedia/6/6d/Sandstorm_in_a_Bottle.png?version=6e3f27573533d429959c19e29b8020d1"",""object_link"":""https://terraria.gamepedia.com/Sandstorm_in_a_Bottle""},{""name"":""Shiny Red Balloon"",""img_src"":""https://gamepedia.cursecdn.com/terraria_gamepedia/d/d0/Shiny_Red_Balloon.png?version=881dd03fc44febbf54eccf41e46f9bb2"",""object_link"":""https://terraria.gamepedia.com/Shiny_Red_Balloon""}]"
"{""name"":""Sharkron Balloon"",""img_src"":""https://gamepedia.cursecdn.com/terraria_gamepedia/3/3b/Sharkron_Balloon.png?version=d49b220fbc56fdaa26545662ff73956f"",""object_link"":""https://terraria.gamepedia.com/Sharkron_Balloon""}","[{""name"":""Tsunami in a Bottle"",""img_src"":""https://gamepedia.cursecdn.com/terraria_gamepedia/d/dd/Tsunami_in_a_Bottle.png?version=168962195bf139d57a3ee7dae5810f21"",""object_link"":""https://terraria.gamepedia.com/Tsunami_in_a_Bottle""},{""name"":""Balloon Pufferfish"",""img_src"":""https://gamepedia.cursecdn.com/terraria_gamepedia/f/f9/Balloon_Pufferfish.png?version=92e1a7aaed3aa02d3c3a7774fdc9a5e1"",""object_link"":""https://terraria.gamepedia.com/Balloon_Pufferfish""}]"
"{""name"":""Sniper Scope"",""img_src"":""https://gamepedia.cursecdn.com/terraria_gamepedia/3/3a/Sniper_Scope.png?version=0ead62f56cece77b7920d71cc99bea3d"",""object_link"":""https://terraria.gamepedia.com/Sniper_Scope""}","[{""name"":""Rifle Scope"",""img_src"":""https://gamepedia.cursecdn.com/terraria_gamepedia/0/0f/Rifle_Scope.png?version=e6dea4ec4dd5cb646bc5476233e8680c"",""object_link"":""https://terraria.gamepedia.com/Rifle_Scope""},{""name"":""Destroyer Emblem"",""img_src"":""https://gamepedia.cursecdn.com/terraria_gamepedia/5/5a/Destroyer_Emblem.png?version=6bdec96843619349eba8f9830eb0e6f7"",""object_link"":""https://terraria.gamepedia.com/Destroyer_Emblem""}]"
"{""name"":""Spectre Boots"",""img_src"":""https://gamepedia.cursecdn.com/terraria_gamepedia/2/28/Spectre_Boots.png?version=3006bd789515946dd423acbcaa006648"",""object_link"":""https://terraria.gamepedia.com/Spectre_Boots""}","[{""name"":""Hermes Boots"",""img_src"":""https://gamepedia.cursecdn.com/terraria_gamepedia/2/29/Hermes_Boots.png?version=e95e76c7592ce4ddb1e057d0e42e480a"",""object_link"":""https://terraria.gamepedia.com/Hermes_Boots""},{""name"":""Rocket Boots"",""img_src"":""https://gamepedia.cursecdn.com/terraria_gamepedia/2/2b/Rocket_Boots.png?version=68b458e10ebd28e7b63f35b8fe1e5ad4"",""object_link"":""https://terraria.gamepedia.com/Rocket_Boots""}]"
"{""name"":""Spectre Boots"",""img_src"":""https://gamepedia.cursecdn.com/terraria_gamepedia/2/28/Spectre_Boots.png?version=3006bd789515946dd423acbcaa006648"",""object_link"":""https://terraria.gamepedia.com/Spectre_Boots""}","[{""name"":""Flurry Boots"",""img_src"":""https://gamepedia.cursecdn.com/terraria_gamepedia/c/c3/Flurry_Boots.png?version=9c2b544d68da0c54222908126568f115"",""object_link"":""https://terraria.gamepedia.com/Flurry_Boots""},{""name"":""Rocket Boots"",""img_src"":""https://gamepedia.cursecdn.com/terraria_gamepedia/2/2b/Rocket_Boots.png?version=68b458e10ebd28e7b63f35b8fe1e5ad4"",""object_link"":""https://terraria.gamepedia.com/Rocket_Boots""}]"
"{""name"":""Spectre Boots"",""img_src"":""https://gamepedia.cursecdn.com/terraria_gamepedia/2/28/Spectre_Boots.png?version=3006bd789515946dd423acbcaa006648"",""object_link"":""https://terraria.gamepedia.com/Spectre_Boots""}","[{""name"":""Sailfish Boots"",""img_src"":""https://gamepedia.cursecdn.com/terraria_gamepedia/0/03/Sailfish_Boots.png?version=393d74b701dbe16d5e16bc4da9ffab2f"",""object_link"":""https://terraria.gamepedia.com/Sailfish_Boots""},{""name"":""Rocket Boots"",""img_src"":""https://gamepedia.cursecdn.com/terraria_gamepedia/2/2b/Rocket_Boots.png?version=68b458e10ebd28e7b63f35b8fe1e5ad4"",""object_link"":""https://terraria.gamepedia.com/Rocket_Boots""}]"
"{""name"":""Spectre Boots"",""img_src"":""https://gamepedia.cursecdn.com/terraria_gamepedia/2/28/Spectre_Boots.png?version=3006bd789515946dd423acbcaa006648"",""object_link"":""https://terraria.gamepedia.com/Spectre_Boots""}","[{""name"":""Dunerider Boots"",""img_src"":""https://gamepedia.cursecdn.com/terraria_gamepedia/c/c6/Dunerider_Boots.png?version=034257f5c39e89531d9d6b66269b6bbd"",""object_link"":""https://terraria.gamepedia.com/Dunerider_Boots""},{""name"":""Rocket Boots"",""img_src"":""https://gamepedia.cursecdn.com/terraria_gamepedia/2/2b/Rocket_Boots.png?version=68b458e10ebd28e7b63f35b8fe1e5ad4"",""object_link"":""https://terraria.gamepedia.com/Rocket_Boots""}]"
"{""name"":""Stalker's Quiver"",""img_src"":""https://gamepedia.cursecdn.com/terraria_gamepedia/5/51/Stalker%27s_Quiver.png?version=bd4d09a13ec93bb1f83a71574deffe41"",""object_link"":""https://terraria.gamepedia.com/Stalker%27s_Quiver""}","[{""name"":""Magic Quiver"",""img_src"":""https://gamepedia.cursecdn.com/terraria_gamepedia/b/b8/Magic_Quiver.png?version=3757f8b48041e218763abf6c9ae381fd"",""object_link"":""https://terraria.gamepedia.com/Magic_Quiver""},{""name"":""Putrid Scent"",""img_src"":""https://gamepedia.cursecdn.com/terraria_gamepedia/9/92/Putrid_Scent.png?version=434fdb08748221953f04e034221a4f72"",""object_link"":""https://terraria.gamepedia.com/Putrid_Scent""}]"
"{""name"":""Star Veil"",""img_src"":""https://gamepedia.cursecdn.com/terraria_gamepedia/6/60/Star_Veil.png?version=9b2852245866ec8e9b985a949b3656c8"",""object_link"":""https://terraria.gamepedia.com/Star_Veil""}","[{""name"":""Star Cloak"",""img_src"":""https://gamepedia.cursecdn.com/terraria_gamepedia/d/d4/Star_Cloak.png?version=a1679e0efa97ea38c6666df2e377e159"",""object_link"":""https://terraria.gamepedia.com/Star_Cloak""},{""name"":""Cross Necklace"",""img_src"":""https://gamepedia.cursecdn.com/terraria_gamepedia/e/e6/Cross_Necklace.png?version=f34b11a61a64babab20de6cc47aadfd6"",""object_link"":""https://terraria.gamepedia.com/Cross_Necklace""}]"
"{""name"":""Stinger Necklace"",""img_src"":""https://gamepedia.cursecdn.com/terraria_gamepedia/9/96/Stinger_Necklace.png?version=021becc9b04b638d15fd523381cf927d"",""object_link"":""https://terraria.gamepedia.com/Stinger_Necklace""}","[{""name"":""Shark Tooth Necklace"",""img_src"":""https://gamepedia.cursecdn.com/terraria_gamepedia/4/4a/Shark_Tooth_Necklace.png?version=fa9420683caa58c7e34f1dfc642a7243"",""object_link"":""https://terraria.gamepedia.com/Shark_Tooth_Necklace""},{""name"":""Honey Comb"",""img_src"":""https://gamepedia.cursecdn.com/terraria_gamepedia/f/fa/Honey_Comb.png?version=ef5691058ccd02ff1882f88362e95f10"",""object_link"":""https://terraria.gamepedia.com/Honey_Comb""}]"
"{""name"":""Sweetheart Necklace"",""img_src"":""https://gamepedia.cursecdn.com/terraria_gamepedia/9/92/Sweetheart_Necklace.png?version=27e68daaa245963db635aba138175f6b"",""object_link"":""https://terraria.gamepedia.com/Sweetheart_Necklace""}","[{""name"":""Honey Comb"",""img_src"":""https://gamepedia.cursecdn.com/terraria_gamepedia/f/fa/Honey_Comb.png?version=ef5691058ccd02ff1882f88362e95f10"",""object_link"":""https://terraria.gamepedia.com/Honey_Comb""},{""name"":""Panic Necklace"",""img_src"":""https://gamepedia.cursecdn.com/terraria_gamepedia/4/40/Panic_Necklace.png?version=e91462dce68fdf007659efc060aeea57"",""object_link"":""https://terraria.gamepedia.com/Panic_Necklace""}]"
"{""name"":""Terraspark Boots"",""img_src"":""https://gamepedia.cursecdn.com/terraria_gamepedia/b/ba/Terraspark_Boots.png?version=6ab526b76fd134386443ef1caf6cc169"",""object_link"":""https://terraria.gamepedia.com/Terraspark_Boots""}","[{""name"":""Frostspark Boots"",""img_src"":""https://gamepedia.cursecdn.com/terraria_gamepedia/1/19/Frostspark_Boots.png?version=eb9efb361ab86950b8db221054ecbc12"",""object_link"":""https://terraria.gamepedia.com/Frostspark_Boots""},{""name"":""Lava Waders"",""img_src"":""https://gamepedia.cursecdn.com/terraria_gamepedia/1/1a/Lava_Waders.png?version=e4caca0c19c1e1cdc8609425e3c3d5f9"",""object_link"":""https://terraria.gamepedia.com/Lava_Waders""}]"
"{""name"":""The Grand Design"",""img_src"":""https://gamepedia.cursecdn.com/terraria_gamepedia/0/0e/The_Grand_Design.png?version=43083747ff4085bed75fee591a3f35fa"",""object_link"":""https://terraria.gamepedia.com/The_Grand_Design""}","[{""name"":""Multicolor Wrench"",""img_src"":""https://gamepedia.cursecdn.com/terraria_gamepedia/9/99/Multicolor_Wrench.png?version=2ea5a87667bc98f294d16cf7a9713bb8"",""object_link"":""https://terraria.gamepedia.com/Multicolor_Wrench""},{""name"":""Mechanical Lens"",""img_src"":""https://gamepedia.cursecdn.com/terraria_gamepedia/5/54/Mechanical_Lens.png?version=b662d0eb2bb99018c53d39ca4fd8f548"",""object_link"":""https://terraria.gamepedia.com/Mechanical_Lens""},{""name"":""Ruler"",""img_src"":""https://gamepedia.cursecdn.com/terraria_gamepedia/a/aa/Ruler.png?version=025d59b2e68105c5d946bfb8eae0726e"",""object_link"":""https://terraria.gamepedia.com/Ruler""},{""name"":""Wire"",""img_src"":""https://gamepedia.cursecdn.com/terraria_gamepedia/7/77/Wire.png?version=15cdacb1073acca16341b6a01c5bcd30"",""object_link"":""https://terraria.gamepedia.com/Wire""}]"
"{""name"":""The Plan"",""img_src"":""https://gamepedia.cursecdn.com/terraria_gamepedia/2/2f/The_Plan.png?version=e2c632cff9ec6d8491e55e9344b010e2"",""object_link"":""https://terraria.gamepedia.com/The_Plan""}","[{""name"":""Fast Clock"",""img_src"":""https://gamepedia.cursecdn.com/terraria_gamepedia/f/f7/Fast_Clock.png?version=65b86c8acaac4212e2817394c4123b67"",""object_link"":""https://terraria.gamepedia.com/Fast_Clock""},{""name"":""Trifold Map"",""img_src"":""https://gamepedia.cursecdn.com/terraria_gamepedia/9/94/Trifold_Map.png?version=891afd555a81b67e9e93fb672a6f634d"",""object_link"":""https://terraria.gamepedia.com/Trifold_Map""}]"
"{""name"":""Tiger Climbing Gear"",""img_src"":""https://gamepedia.cursecdn.com/terraria_gamepedia/a/a0/Tiger_Climbing_Gear.png?version=e8771a28cb953ff14526896e02aea2ad"",""object_link"":""https://terraria.gamepedia.com/Tiger_Climbing_Gear""}","[{""name"":""Climbing Claws"",""img_src"":""https://gamepedia.cursecdn.com/terraria_gamepedia/7/71/Climbing_Claws.png?version=641480fbfdfa4d1f5aba47d65a775e2f"",""object_link"":""https://terraria.gamepedia.com/Climbing_Claws""},{""name"":""Shoe Spikes"",""img_src"":""https://gamepedia.cursecdn.com/terraria_gamepedia/1/15/Shoe_Spikes.png?version=986c793781e696f22352e498ae261d48"",""object_link"":""https://terraria.gamepedia.com/Shoe_Spikes""}]"
"{""name"":""Ultrabright Helmet"",""img_src"":""https://gamepedia.cursecdn.com/terraria_gamepedia/b/b7/Ultrabright_Helmet.png?version=39478e247168faea7f86df5c610ee69f"",""object_link"":""https://terraria.gamepedia.com/Ultrabright_Helmet""}","[{""name"":""Mining Helmet"",""img_src"":""https://gamepedia.cursecdn.com/terraria_gamepedia/a/a4/Mining_Helmet.png?version=04e659f48e591b612356bf427321b869"",""object_link"":""https://terraria.gamepedia.com/Mining_Helmet""},{""name"":""Night Vision Helmet"",""img_src"":""https://gamepedia.cursecdn.com/terraria_gamepedia/0/02/Night_Vision_Helmet.png?version=998d7d8ca4c92fc113c6c3a09e528231"",""object_link"":""https://terraria.gamepedia.com/Night_Vision_Helmet""}]"
"{""name"":""White Horseshoe Balloon"",""img_src"":""https://gamepedia.cursecdn.com/terraria_gamepedia/2/2c/White_Horseshoe_Balloon.png?version=1c424609317c49d17dd99ad73e58c20c"",""object_link"":""https://terraria.gamepedia.com/White_Horseshoe_Balloon""}","[{""name"":""Blizzard in a Balloon"",""img_src"":""https://gamepedia.cursecdn.com/terraria_gamepedia/1/1c/Blizzard_in_a_Balloon.png?version=6d26f4d3cd00955eb93a8a706816d802"",""object_link"":""https://terraria.gamepedia.com/Blizzard_in_a_Balloon""},{""name"":""Lucky Horseshoe"",""img_src"":""https://gamepedia.cursecdn.com/terraria_gamepedia/d/d7/Lucky_Horseshoe.png?version=f31cd1c9751200c0ec303b6498332c2f"",""object_link"":""https://terraria.gamepedia.com/Lucky_Horseshoe""}]"
"{""name"":""Yellow Horseshoe Balloon"",""img_src"":""https://gamepedia.cursecdn.com/terraria_gamepedia/9/9d/Yellow_Horseshoe_Balloon.png?version=2fb9e215d29a8210c1be5d4bfea4ddad"",""object_link"":""https://terraria.gamepedia.com/Yellow_Horseshoe_Balloon""}","[{""name"":""Sandstorm in a Balloon"",""img_src"":""https://gamepedia.cursecdn.com/terraria_gamepedia/1/13/Sandstorm_in_a_Balloon.png?version=0d5a9f2c081ced6ee54807236e964830"",""object_link"":""https://terraria.gamepedia.com/Sandstorm_in_a_Balloon""},{""name"":""Lucky Horseshoe"",""img_src"":""https://gamepedia.cursecdn.com/terraria_gamepedia/d/d7/Lucky_Horseshoe.png?version=f31cd1c9751200c0ec303b6498332c2f"",""object_link"":""https://terraria.gamepedia.com/Lucky_Horseshoe""}]"
"{""name"":""Yoyo Bag"",""img_src"":""https://gamepedia.cursecdn.com/terraria_gamepedia/8/8d/Yoyo_Bag.png?version=5ed4ffaf853ce71776c8fda34e0155a9"",""object_link"":""https://terraria.gamepedia.com/Yoyo_Bag""}","[{""name"":""White String"",""img_src"":""https://gamepedia.cursecdn.com/terraria_gamepedia/3/3e/White_String.png?version=ab214c2b76d10cb59044d1bce58309c9"",""object_link"":""https://terraria.gamepedia.com/White_String""},{""name"":""Yoyo Glove"",""img_src"":""https://gamepedia.cursecdn.com/terraria_gamepedia/6/69/Yoyo_Glove.png?version=42799de146191fc50b63ba883290c82a"",""object_link"":""https://terraria.gamepedia.com/Yoyo_Glove""},{""name"":""Black Counterweight"",""img_src"":""https://gamepedia.cursecdn.com/terraria_gamepedia/5/57/Black_Counterweight.png?version=a206cb65dd7e77c0fde2afd1409d6571"",""object_link"":""https://terraria.gamepedia.com/Black_Counterweight""}]"
"{""name"":""Yoyo Bag"",""img_src"":""https://gamepedia.cursecdn.com/terraria_gamepedia/8/8d/Yoyo_Bag.png?version=5ed4ffaf853ce71776c8fda34e0155a9"",""object_link"":""https://terraria.gamepedia.com/Yoyo_Bag""}","[{""name"":""White String"",""img_src"":""https://gamepedia.cursecdn.com/terraria_gamepedia/3/3e/White_String.png?version=ab214c2b76d10cb59044d1bce58309c9"",""object_link"":""https://terraria.gamepedia.com/White_String""},{""name"":""Yoyo Glove"",""img_src"":""https://gamepedia.cursecdn.com/terraria_gamepedia/6/69/Yoyo_Glove.png?version=42799de146191fc50b63ba883290c82a"",""object_link"":""https://terraria.gamepedia.com/Yoyo_Glove""},{""name"":""Blue Counterweight"",""img_src"":""https://gamepedia.cursecdn.com/terraria_gamepedia/b/b3/Blue_Counterweight.png?version=c63197dbe716cac4f1dfa18ea02dd9b2"",""object_link"":""https://terraria.gamepedia.com/Blue_Counterweight""}]"
"{""name"":""Yoyo Bag"",""img_src"":""https://gamepedia.cursecdn.com/terraria_gamepedia/8/8d/Yoyo_Bag.png?version=5ed4ffaf853ce71776c8fda34e0155a9"",""object_link"":""https://terraria.gamepedia.com/Yoyo_Bag""}","[{""name"":""White String"",""img_src"":""https://gamepedia.cursecdn.com/terraria_gamepedia/3/3e/White_String.png?version=ab214c2b76d10cb59044d1bce58309c9"",""object_link"":""https://terraria.gamepedia.com/White_String""},{""name"":""Yoyo Glove"",""img_src"":""https://gamepedia.cursecdn.com/terraria_gamepedia/6/69/Yoyo_Glove.png?version=42799de146191fc50b63ba883290c82a"",""object_link"":""https://terraria.gamepedia.com/Yoyo_Glove""},{""name"":""Green Counterweight"",""img_src"":""https://gamepedia.cursecdn.com/terraria_gamepedia/3/32/Green_Counterweight.png?version=eb7951be258e0e1440008e0e7fca50eb"",""object_link"":""https://terraria.gamepedia.com/Green_Counterweight""}]"
"{""name"":""Yoyo Bag"",""img_src"":""https://gamepedia.cursecdn.com/terraria_gamepedia/8/8d/Yoyo_Bag.png?version=5ed4ffaf853ce71776c8fda34e0155a9"",""object_link"":""https://terraria.gamepedia.com/Yoyo_Bag""}","[{""name"":""White String"",""img_src"":""https://gamepedia.cursecdn.com/terraria_gamepedia/3/3e/White_String.png?version=ab214c2b76d10cb59044d1bce58309c9"",""object_link"":""https://terraria.gamepedia.com/White_String""},{""name"":""Yoyo Glove"",""img_src"":""https://gamepedia.cursecdn.com/terraria_gamepedia/6/69/Yoyo_Glove.png?version=42799de146191fc50b63ba883290c82a"",""object_link"":""https://terraria.gamepedia.com/Yoyo_Glove""},{""name"":""Purple Counterweight"",""img_src"":""https://gamepedia.cursecdn.com/terraria_gamepedia/f/f8/Purple_Counterweight.png?version=b1bba439d9d29b8466d9cf144dcc6c79"",""object_link"":""https://terraria.gamepedia.com/Purple_Counterweight""}]"
"{""name"":""Yoyo Bag"",""img_src"":""https://gamepedia.cursecdn.com/terraria_gamepedia/8/8d/Yoyo_Bag.png?version=5ed4ffaf853ce71776c8fda34e0155a9"",""object_link"":""https://terraria.gamepedia.com/Yoyo_Bag""}","[{""name"":""White String"",""img_src"":""https://gamepedia.cursecdn.com/terraria_gamepedia/3/3e/White_String.png?version=ab214c2b76d10cb59044d1bce58309c9"",""object_link"":""https://terraria.gamepedia.com/White_String""},{""name"":""Yoyo Glove"",""img_src"":""https://gamepedia.cursecdn.com/terraria_gamepedia/6/69/Yoyo_Glove.png?version=42799de146191fc50b63ba883290c82a"",""object_link"":""https://terraria.gamepedia.com/Yoyo_Glove""},{""name"":""Red Counterweight"",""img_src"":""https://gamepedia.cursecdn.com/terraria_gamepedia/7/73/Red_Counterweight.png?version=1eb685153fc0a21b0ddbef92b486b495"",""object_link"":""https://terraria.gamepedia.com/Red_Counterweight""}]"
"{""name"":""Yoyo Bag"",""img_src"":""https://gamepedia.cursecdn.com/terraria_gamepedia/8/8d/Yoyo_Bag.png?version=5ed4ffaf853ce71776c8fda34e0155a9"",""object_link"":""https://terraria.gamepedia.com/Yoyo_Bag""}","[{""name"":""White String"",""img_src"":""https://gamepedia.cursecdn.com/terraria_gamepedia/3/3e/White_String.png?version=ab214c2b76d10cb59044d1bce58309c9"",""object_link"":""https://terraria.gamepedia.com/White_String""},{""name"":""Yoyo Glove"",""img_src"":""https://gamepedia.cursecdn.com/terraria_gamepedia/6/69/Yoyo_Glove.png?version=42799de146191fc50b63ba883290c82a"",""object_link"":""https://terraria.gamepedia.com/Yoyo_Glove""},{""name"":""Yellow Counterweight"",""img_src"":""https://gamepedia.cursecdn.com/terraria_gamepedia/d/d5/Yellow_Counterweight.png?version=6367dbd93b134e20fb224e11080bc6a5"",""object_link"":""https://terraria.gamepedia.com/Yellow_Counterweight""}]"
